season,district,role,model_key,n,overall_accuracy,source_file,training_schema_version,c_vegetation_vegetation,c_vegetation_water,c_vegetation_builtarea,c_vegetation_openland,c_vegetation_agriculture,c_water_vegetation,c_water_water,c_water_builtarea,c_water_openland,c_water_agriculture,c_builtarea_vegetation,c_builtarea_water,c_builtarea_builtarea,c_builtarea_openland,c_builtarea_agriculture,c_openland_vegetation,c_openland_water,c_openland_builtarea,c_openland_openland,c_openland_agriculture,c_agriculture_vegetation,c_agriculture_water,c_agriculture_builtarea,c_agriculture_openland,c_agriculture_agriculture
summer,Anuppur,test,after-cart,100,0.51,mp_external_shards_v7_worker_0.json,five-class-19-band-v5-drop-summer,5,7,0,0,8,0,20,0,0,0,1,0,19,0,0,0,2,14,4,0,1,0,9,7,3
summer,Anuppur,test,after-gtb,100,0.64,mp_external_shards_v7_worker_0.json,five-class-19-band-v5-drop-summer,9,3,0,0,8,0,20,0,0,0,0,0,20,0,0,0,4,4,11,1,2,0,5,9,4
summer,Anuppur,test,after-gtb-b19,100,0.61,mp_external_shards_v7_worker_0.json,five-class-19-band-v5-drop-summer,6,6,0,0,8,0,20,0,0,0,0,0,20,0,0,0,2,3,12,3,2,0,4,11,3
summer,Anuppur,test,after-gtb-b22,100,0.64,mp_external_shards_v7_worker_0.json,five-class-19-band-v5-drop-summer,8,3,0,0,9,0,20,0,0,0,0,0,20,0,0,0,3,3,13,1,1,0,4,12,3
summer,Anuppur,test,after-gtb-b27,100,0.62,mp_external_shards_v7_worker_0.json,five-class-19-band-v5-drop-summer,10,5,0,0,5,0,20,0,0,0,0,0,20,0,0,0,5,3,8,4,2,0,3,11,4
summer,Anuppur,test,after-knn,100,0.56,mp_external_shards_v7_worker_0.json,five-class-19-band-v5-drop-summer,7,1,0,0,12,0,20,0,0,0,0,0,20,0,0,0,4,4,9,3,3,0,7,10,0
summer,Anuppur,test,after-rf,100,0.57,mp_external_shards_v7_worker_0.json,five-class-19-band-v5-drop-summer,5,8,0,0,7,0,20,0,0,0,0,0,19,0,1,0,5,3,10,2,2,0,5,10,3
summer,Anuppur,test,after-svm,100,0.64,mp_external_shards_v7_worker_0.json,five-class-19-band-v5-drop-summer,9,1,0,0,10,0,20,0,0,0,0,0,20,0,0,0,4,2,13,1,3,0,6,9,2
summer,Ashoknagar,test,after-cart,100,0.66,mp_external_shards_v7_worker_1.json,five-class-19-band-v5-drop-summer,5,0,0,0,15,0,20,0,0,0,0,0,20,0,0,0,1,8,11,0,0,1,7,2,10
summer,Ashoknagar,test,after-gtb,100,0.81,mp_external_shards_v7_worker_1.json,five-class-19-band-v5-drop-summer,10,0,0,0,10,0,20,0,0,0,0,0,20,0,0,0,1,2,17,0,0,1,1,4,14
summer,Ashoknagar,test,after-gtb-b19,100,0.77,mp_external_shards_v7_worker_1.json,five-class-19-band-v5-drop-summer,8,1,0,0,11,0,20,0,0,0,0,0,20,0,0,0,1,2,15,2,0,1,2,3,14
summer,Ashoknagar,test,after-gtb-b22,100,0.76,mp_external_shards_v7_worker_1.json,five-class-19-band-v5-drop-summer,8,0,0,0,12,0,20,0,0,0,0,0,20,0,0,0,1,4,14,1,0,1,2,3,14
summer,Ashoknagar,test,after-gtb-b27,100,0.72,mp_external_shards_v7_worker_1.json,five-class-19-band-v5-drop-summer,11,0,0,0,9,0,20,0,0,0,0,0,20,0,0,0,2,3,9,6,0,1,2,5,12
summer,Ashoknagar,test,after-knn,100,0.78,mp_external_shards_v7_worker_1.json,five-class-19-band-v5-drop-summer,14,0,0,0,6,0,20,0,0,0,1,0,19,0,0,0,1,3,14,2,1,0,3,5,11
summer,Ashoknagar,test,after-rf,100,0.81,mp_external_shards_v7_worker_1.json,five-class-19-band-v5-drop-summer,11,0,0,0,9,0,20,0,0,0,0,0,20,0,0,0,0,3,17,0,0,1,2,4,13
summer,Ashoknagar,test,after-svm,100,0.75,mp_external_shards_v7_worker_1.json,five-class-19-band-v5-drop-summer,7,0,0,0,13,0,20,0,0,0,0,0,20,0,0,0,1,3,15,1,0,0,2,5,13
summer,Balaghat,test,after-cart,100,0.53,mp_external_shards_v7_worker_2.json,five-class-19-band-v5-drop-summer,0,16,0,0,4,0,20,0,0,0,0,0,20,0,0,0,0,9,11,0,1,5,5,7,2
summer,Balaghat,test,after-gtb,100,0.67,mp_external_shards_v7_worker_2.json,five-class-19-band-v5-drop-summer,2,5,0,0,13,0,20,0,0,0,0,0,20,0,0,0,1,2,16,1,0,2,3,6,9
summer,Balaghat,test,after-gtb-b19,100,0.6,mp_external_shards_v7_worker_2.json,five-class-19-band-v5-drop-summer,0,7,0,0,13,0,20,0,0,0,0,0,20,0,0,0,0,1,15,4,0,5,3,7,5
summer,Balaghat,test,after-gtb-b22,100,0.59,mp_external_shards_v7_worker_2.json,five-class-19-band-v5-drop-summer,1,7,0,0,12,0,20,0,0,0,0,0,20,0,0,0,0,2,12,6,0,4,3,7,6
summer,Balaghat,test,after-gtb-b27,100,0.55,mp_external_shards_v7_worker_2.json,five-class-19-band-v5-drop-summer,1,7,0,0,12,0,20,0,0,0,0,0,20,0,0,0,1,1,10,8,0,5,3,8,4
summer,Balaghat,test,after-knn,100,0.64,mp_external_shards_v7_worker_2.json,five-class-19-band-v5-drop-summer,0,0,0,0,20,0,20,0,0,0,0,1,19,0,0,0,1,1,17,1,1,0,5,6,8
summer,Balaghat,test,after-rf,100,0.6,mp_external_shards_v7_worker_2.json,five-class-19-band-v5-drop-summer,0,13,0,0,7,0,20,0,0,0,0,0,20,0,0,0,0,2,17,1,1,5,3,8,3
summer,Balaghat,test,after-svm,100,0.69,mp_external_shards_v7_worker_2.json,five-class-19-band-v5-drop-summer,1,0,0,0,19,0,20,0,0,0,0,0,20,0,0,0,0,1,19,0,0,0,3,8,9
summer,Barwani,development,after-cart,93,0.698925,mp_external_shards_v7_worker_3.json,five-class-19-band-v5-drop-summer,1,0,0,0,12,0,20,0,0,0,0,0,20,0,0,0,2,2,16,0,2,0,3,7,8
summer,Barwani,development,after-gtb,93,0.774194,mp_external_shards_v7_worker_3.json,five-class-19-band-v5-drop-summer,4,6,0,0,3,0,20,0,0,0,0,0,20,0,0,0,0,2,16,2,2,0,1,5,12
summer,Barwani,development,after-gtb-b19,93,0.741935,mp_external_shards_v7_worker_3.json,five-class-19-band-v5-drop-summer,2,6,0,0,5,0,20,0,0,0,0,0,20,0,0,0,0,3,14,3,0,1,1,5,13
summer,Barwani,development,after-gtb-b22,93,0.752688,mp_external_shards_v7_worker_3.json,five-class-19-band-v5-drop-summer,1,6,0,0,6,0,20,0,0,0,0,0,20,0,0,0,1,2,16,1,1,0,1,5,13
summer,Barwani,development,after-gtb-b27,93,0.763441,mp_external_shards_v7_worker_3.json,five-class-19-band-v5-drop-summer,2,5,0,0,6,0,20,0,0,0,0,0,20,0,0,0,0,2,16,2,1,0,1,5,13
summer,Barwani,development,after-knn,93,0.709677,mp_external_shards_v7_worker_3.json,five-class-19-band-v5-drop-summer,2,3,0,0,8,0,20,0,0,0,0,0,20,0,0,0,1,3,16,0,2,1,4,5,8
summer,Barwani,development,after-rf,93,0.752688,mp_external_shards_v7_worker_3.json,five-class-19-band-v5-drop-summer,1,4,0,0,8,0,20,0,0,0,0,0,19,1,0,0,0,2,18,0,2,1,0,5,12
summer,Barwani,development,after-svm,93,0.72043,mp_external_shards_v7_worker_3.json,five-class-19-band-v5-drop-summer,0,7,0,0,6,0,20,0,0,0,0,0,20,0,0,0,0,2,16,2,2,1,1,5,11
summer,Betul,test,after-cart,100,0.59,mp_external_shards_v7_worker_0.json,five-class-19-band-v5-drop-summer,5,7,0,0,8,0,20,0,0,0,0,0,20,0,0,0,4,10,6,0,1,1,7,3,8
summer,Betul,test,after-gtb,100,0.65,mp_external_shards_v7_worker_0.json,five-class-19-band-v5-drop-summer,8,1,1,0,10,0,20,0,0,0,0,0,20,0,0,0,4,5,10,1,1,1,4,7,7
summer,Betul,test,after-gtb-b19,100,0.62,mp_external_shards_v7_worker_0.json,five-class-19-band-v5-drop-summer,6,0,0,0,14,0,20,0,0,0,0,0,20,0,0,0,4,5,9,2,1,1,5,6,7
summer,Betul,test,after-gtb-b22,100,0.63,mp_external_shards_v7_worker_0.json,five-class-19-band-v5-drop-summer,5,0,0,0,15,0,20,0,0,0,0,0,20,0,0,0,3,5,10,2,2,1,2,7,8
summer,Betul,test,after-gtb-b27,100,0.66,mp_external_shards_v7_worker_0.json,five-class-19-band-v5-drop-summer,8,0,0,0,12,0,20,0,0,0,0,0,20,0,0,0,4,5,10,1,2,2,2,6,8
summer,Betul,test,after-knn,100,0.63,mp_external_shards_v7_worker_0.json,five-class-19-band-v5-drop-summer,7,0,0,0,13,0,20,0,0,0,0,0,20,0,0,0,1,7,9,3,3,1,2,7,7
summer,Betul,test,after-rf,100,0.65,mp_external_shards_v7_worker_0.json,five-class-19-band-v5-drop-summer,7,3,0,0,10,0,20,0,0,0,0,0,20,0,0,0,4,6,10,0,2,1,3,6,8
summer,Betul,test,after-svm,100,0.65,mp_external_shards_v7_worker_0.json,five-class-19-band-v5-drop-summer,5,0,0,0,15,0,20,0,0,0,0,0,20,0,0,0,3,6,11,0,2,1,3,5,9
summer,Bhind,test,after-cart,80,0.725,mp_external_shards_v7_worker_1.json,five-class-19-band-v5-drop-summer,0,0,0,0,0,0,20,0,0,0,0,0,20,0,0,0,0,5,15,0,0,0,4,13,3
summer,Bhind,test,after-gtb,80,0.775,mp_external_shards_v7_worker_1.json,five-class-19-band-v5-drop-summer,0,0,0,0,0,0,20,0,0,0,0,0,19,0,1,0,0,2,14,4,0,0,3,8,9
summer,Bhind,test,after-gtb-b19,80,0.7,mp_external_shards_v7_worker_1.json,five-class-19-band-v5-drop-summer,0,0,0,0,0,0,20,0,0,0,0,1,19,0,0,0,0,1,8,11,0,0,2,9,9
summer,Bhind,test,after-gtb-b22,80,0.7,mp_external_shards_v7_worker_1.json,five-class-19-band-v5-drop-summer,0,0,0,0,0,0,20,0,0,0,0,0,19,0,1,0,0,1,10,9,0,0,2,11,7
summer,Bhind,test,after-gtb-b27,80,0.75,mp_external_shards_v7_worker_1.json,five-class-19-band-v5-drop-summer,0,0,0,0,0,0,20,0,0,0,0,0,19,0,1,0,0,1,9,10,0,0,2,6,12
summer,Bhind,test,after-knn,80,0.675,mp_external_shards_v7_worker_1.json,five-class-19-band-v5-drop-summer,0,0,0,0,0,0,20,0,0,0,1,0,18,0,1,0,0,1,10,9,1,0,5,8,6
summer,Bhind,test,after-rf,80,0.775,mp_external_shards_v7_worker_1.json,five-class-19-band-v5-drop-summer,0,0,0,0,0,0,20,0,0,0,0,0,20,0,0,0,0,1,16,3,0,0,3,11,6
summer,Bhind,test,after-svm,80,0.7625,mp_external_shards_v7_worker_1.json,five-class-19-band-v5-drop-summer,0,0,0,0,0,0,20,0,0,0,1,0,18,0,1,0,0,0,18,2,0,0,5,10,5
summer,Bhopal,test,after-cart,100,0.64,mp_external_shards_v7_worker_2.json,five-class-19-band-v5-drop-summer,1,14,0,0,5,0,20,0,0,0,0,0,20,0,0,0,1,8,11,0,1,1,5,1,12
summer,Bhopal,test,after-gtb,100,0.82,mp_external_shards_v7_worker_2.json,five-class-19-band-v5-drop-summer,13,1,0,0,6,0,20,0,0,0,0,0,20,0,0,0,0,4,13,3,1,1,2,0,16
summer,Bhopal,test,after-gtb-b19,100,0.72,mp_external_shards_v7_worker_2.json,five-class-19-band-v5-drop-summer,10,1,0,0,9,0,20,0,0,0,0,0,20,0,0,0,1,6,8,5,0,2,3,1,14
summer,Bhopal,test,after-gtb-b22,100,0.73,mp_external_shards_v7_worker_2.json,five-class-19-band-v5-drop-summer,8,2,0,0,10,0,20,0,0,0,0,0,20,0,0,0,0,5,11,4,0,1,4,1,14
summer,Bhopal,test,after-gtb-b27,100,0.79,mp_external_shards_v7_worker_2.json,five-class-19-band-v5-drop-summer,10,1,0,0,9,0,20,0,0,0,0,0,20,0,0,0,0,5,13,2,0,1,3,0,16
summer,Bhopal,test,after-knn,100,0.76,mp_external_shards_v7_worker_2.json,five-class-19-band-v5-drop-summer,12,0,0,0,8,0,20,0,0,0,0,0,20,0,0,0,0,6,12,2,1,1,5,1,12
summer,Bhopal,test,after-rf,100,0.78,mp_external_shards_v7_worker_2.json,five-class-19-band-v5-drop-summer,9,1,0,0,10,0,20,0,0,0,0,0,20,0,0,0,0,6,14,0,1,1,2,1,15
summer,Bhopal,test,after-svm,100,0.67,mp_external_shards_v7_worker_2.json,five-class-19-band-v5-drop-summer,1,0,0,0,19,0,20,0,0,0,0,0,20,0,0,0,0,7,11,2,1,1,1,2,15
summer,Burhanpur,test,after-cart,80,0.6375,mp_external_shards_v7_worker_3.json,five-class-19-band-v5-drop-summer,0,0,0,0,0,0,20,0,0,0,0,0,20,0,0,0,2,9,9,0,2,5,4,7,2
summer,Burhanpur,test,after-gtb,80,0.8375,mp_external_shards_v7_worker_3.json,five-class-19-band-v5-drop-summer,0,0,0,0,0,0,20,0,0,0,0,0,20,0,0,0,1,4,14,1,0,3,0,4,13
summer,Burhanpur,test,after-gtb-b19,80,0.8,mp_external_shards_v7_worker_3.json,five-class-19-band-v5-drop-summer,0,0,0,0,0,0,20,0,0,0,0,0,20,0,0,0,1,5,10,4,0,2,0,4,14
summer,Burhanpur,test,after-gtb-b22,80,0.8625,mp_external_shards_v7_worker_3.json,five-class-19-band-v5-drop-summer,0,0,0,0,0,0,20,0,0,0,0,0,20,0,0,0,0,5,14,1,0,2,0,3,15
summer,Burhanpur,test,after-gtb-b27,80,0.875,mp_external_shards_v7_worker_3.json,five-class-19-band-v5-drop-summer,0,0,0,0,0,0,20,0,0,0,0,0,20,0,0,0,0,5,14,1,0,0,0,4,16
summer,Burhanpur,test,after-knn,80,0.825,mp_external_shards_v7_worker_3.json,five-class-19-band-v5-drop-summer,0,0,0,0,0,0,20,0,0,0,0,0,20,0,0,0,0,5,13,2,1,0,1,5,13
summer,Burhanpur,test,after-rf,80,0.8125,mp_external_shards_v7_worker_3.json,five-class-19-band-v5-drop-summer,0,0,0,0,0,0,20,0,0,0,0,0,19,1,0,0,1,4,15,0,0,4,0,5,11
summer,Burhanpur,test,after-svm,80,0.7625,mp_external_shards_v7_worker_3.json,five-class-19-band-v5-drop-summer,0,0,0,0,0,0,20,0,0,0,0,0,19,1,0,0,0,5,8,7,0,0,0,6,14
summer,Chhatarpur,test,after-cart,87,0.62069,mp_external_shards_v7_worker_0.json,five-class-19-band-v5-drop-summer,0,0,0,0,7,0,20,0,0,0,0,0,20,0,0,0,1,11,7,1,1,0,3,9,7
summer,Chhatarpur,test,after-gtb,87,0.758621,mp_external_shards_v7_worker_0.json,five-class-19-band-v5-drop-summer,6,0,0,0,1,0,20,0,0,0,1,0,19,0,0,0,0,5,15,0,0,0,2,12,6
summer,Chhatarpur,test,after-gtb-b19,87,0.724138,mp_external_shards_v7_worker_0.json,five-class-19-band-v5-drop-summer,6,0,0,0,1,0,20,0,0,0,1,0,19,0,0,0,1,7,11,1,0,0,2,11,7
summer,Chhatarpur,test,after-gtb-b22,87,0.735632,mp_external_shards_v7_worker_0.json,five-class-19-band-v5-drop-summer,6,0,0,0,1,0,20,0,0,0,1,0,19,0,0,0,0,6,11,3,0,0,1,11,8
summer,Chhatarpur,test,after-gtb-b27,87,0.712644,mp_external_shards_v7_worker_0.json,five-class-19-band-v5-drop-summer,6,0,0,0,1,0,20,0,0,0,1,0,19,0,0,0,0,8,11,1,0,0,2,12,6
summer,Chhatarpur,test,after-knn,87,0.632184,mp_external_shards_v7_worker_0.json,five-class-19-band-v5-drop-summer,2,0,0,0,5,0,20,0,0,0,2,0,17,0,1,0,0,9,11,0,1,0,3,11,5
summer,Chhatarpur,test,after-rf,87,0.747126,mp_external_shards_v7_worker_0.json,five-class-19-band-v5-drop-summer,6,0,0,0,1,0,20,0,0,0,1,0,19,0,0,0,0,4,16,0,1,0,2,13,4
summer,Chhatarpur,test,after-svm,87,0.643678,mp_external_shards_v7_worker_0.json,five-class-19-band-v5-drop-summer,3,0,0,0,4,0,20,0,0,0,1,0,18,0,1,0,0,8,12,0,1,0,3,13,3
summer,Chhindwara,test,after-cart,100,0.55,mp_external_shards_v7_worker_1.json,five-class-19-band-v5-drop-summer,5,5,0,0,10,0,20,0,0,0,0,0,20,0,0,0,1,12,7,0,2,1,6,8,3
summer,Chhindwara,test,after-gtb,100,0.68,mp_external_shards_v7_worker_1.json,five-class-19-band-v5-drop-summer,7,6,1,0,6,0,20,0,0,0,0,0,20,0,0,0,2,7,10,1,2,0,1,6,11
summer,Chhindwara,test,after-gtb-b19,100,0.62,mp_external_shards_v7_worker_1.json,five-class-19-band-v5-drop-summer,6,6,0,0,8,0,20,0,0,0,0,0,20,0,0,0,3,8,5,4,2,0,1,6,11
summer,Chhindwara,test,after-gtb-b22,100,0.66,mp_external_shards_v7_worker_1.json,five-class-19-band-v5-drop-summer,6,7,0,0,7,0,20,0,0,0,0,0,19,1,0,0,2,7,10,1,2,0,1,6,11
summer,Chhindwara,test,after-gtb-b27,100,0.67,mp_external_shards_v7_worker_1.json,five-class-19-band-v5-drop-summer,7,6,0,0,7,0,20,0,0,0,0,0,20,0,0,0,3,6,9,2,2,0,2,5,11
summer,Chhindwara,test,after-knn,100,0.62,mp_external_shards_v7_worker_1.json,five-class-19-band-v5-drop-summer,6,6,0,0,8,0,20,0,0,0,0,1,19,0,0,0,1,9,10,0,3,0,1,9,7
summer,Chhindwara,test,after-rf,100,0.64,mp_external_shards_v7_worker_1.json,five-class-19-band-v5-drop-summer,6,8,0,0,6,0,20,0,0,0,0,0,19,1,0,0,1,7,10,2,2,0,1,8,9
summer,Chhindwara,test,after-svm,100,0.59,mp_external_shards_v7_worker_1.json,five-class-19-band-v5-drop-summer,4,5,0,0,11,0,20,0,0,0,0,0,20,0,0,0,2,9,9,0,2,0,2,10,6
summer,Damoh,development,after-cart,80,0.7625,mp_external_shards_v7_worker_2.json,five-class-19-band-v5-drop-summer,0,0,0,0,0,0,20,0,0,0,0,0,20,0,0,0,0,6,14,0,0,0,4,9,7
summer,Damoh,development,after-gtb,80,0.7375,mp_external_shards_v7_worker_2.json,five-class-19-band-v5-drop-summer,0,0,0,0,0,0,20,0,0,0,0,0,20,0,0,0,0,7,13,0,0,1,3,10,6
summer,Damoh,development,after-gtb-b19,80,0.6875,mp_external_shards_v7_worker_2.json,five-class-19-band-v5-drop-summer,0,0,0,0,0,0,20,0,0,0,0,0,20,0,0,0,0,7,10,3,0,0,4,11,5
summer,Damoh,development,after-gtb-b22,80,0.7,mp_external_shards_v7_worker_2.json,five-class-19-band-v5-drop-summer,0,0,0,0,0,0,20,0,0,0,0,0,20,0,0,0,0,7,11,2,0,0,4,11,5
summer,Damoh,development,after-gtb-b27,80,0.7375,mp_external_shards_v7_worker_2.json,five-class-19-band-v5-drop-summer,0,0,0,0,0,0,20,0,0,0,0,0,20,0,0,0,0,7,12,1,0,0,3,10,7
summer,Damoh,development,after-knn,80,0.7125,mp_external_shards_v7_worker_2.json,five-class-19-band-v5-drop-summer,0,0,0,0,0,0,20,0,0,0,0,0,19,0,1,0,0,4,14,2,1,0,4,11,4
summer,Damoh,development,after-rf,80,0.7625,mp_external_shards_v7_worker_2.json,five-class-19-band-v5-drop-summer,0,0,0,0,0,0,20,0,0,0,0,0,20,0,0,0,0,4,15,1,1,0,2,11,6
summer,Damoh,development,after-svm,80,0.775,mp_external_shards_v7_worker_2.json,five-class-19-band-v5-drop-summer,0,0,0,0,0,0,20,0,0,0,0,0,20,0,0,0,0,3,16,1,0,0,4,10,6
summer,Datia,test,after-cart,100,0.64,mp_external_shards_v7_worker_3.json,five-class-19-band-v5-drop-summer,1,0,0,0,19,0,20,0,0,0,0,0,20,0,0,0,2,5,13,0,1,0,4,5,10
summer,Datia,test,after-gtb,100,0.81,mp_external_shards_v7_worker_3.json,five-class-19-band-v5-drop-summer,15,0,0,0,5,0,20,0,0,0,0,0,20,0,0,0,2,1,14,3,0,0,2,6,12
summer,Datia,test,after-gtb-b19,100,0.72,mp_external_shards_v7_worker_3.json,five-class-19-band-v5-drop-summer,9,0,0,0,11,0,20,0,0,0,0,0,20,0,0,0,2,1,11,6,0,0,2,6,12
summer,Datia,test,after-gtb-b22,100,0.79,mp_external_shards_v7_worker_3.json,five-class-19-band-v5-drop-summer,14,0,0,0,6,0,20,0,0,0,0,0,20,0,0,0,2,1,12,5,0,0,0,7,13
summer,Datia,test,after-gtb-b27,100,0.79,mp_external_shards_v7_worker_3.json,five-class-19-band-v5-drop-summer,16,0,0,0,4,0,20,0,0,0,0,0,20,0,0,0,2,1,11,6,0,0,3,5,12
summer,Datia,test,after-knn,100,0.6,mp_external_shards_v7_worker_3.json,five-class-19-band-v5-drop-summer,1,0,0,0,19,0,20,0,0,0,1,0,19,0,0,0,2,1,11,6,0,0,5,6,9
summer,Datia,test,after-rf,100,0.74,mp_external_shards_v7_worker_3.json,five-class-19-band-v5-drop-summer,10,0,0,0,10,0,20,0,0,0,0,0,19,1,0,0,2,2,14,2,0,0,2,7,11
summer,Datia,test,after-svm,100,0.63,mp_external_shards_v7_worker_3.json,five-class-19-band-v5-drop-summer,1,0,0,0,19,0,20,0,0,0,0,0,20,0,0,0,3,1,13,3,0,0,3,8,9
summer,Dewas,test,after-cart,80,0.725,mp_external_shards_v7_worker_0.json,five-class-19-band-v5-drop-summer,0,0,0,0,0,0,20,0,0,0,0,0,20,0,0,0,3,5,12,0,1,1,7,5,6
summer,Dewas,test,after-gtb,80,0.8,mp_external_shards_v7_worker_0.json,five-class-19-band-v5-drop-summer,0,0,0,0,0,0,20,0,0,0,0,0,20,0,0,0,3,4,11,2,0,1,1,5,13
summer,Dewas,test,after-gtb-b19,80,0.7875,mp_external_shards_v7_worker_0.json,five-class-19-band-v5-drop-summer,0,0,0,0,0,0,20,0,0,0,0,0,20,0,0,0,4,5,10,1,0,0,1,6,13
summer,Dewas,test,after-gtb-b22,80,0.7625,mp_external_shards_v7_worker_0.json,five-class-19-band-v5-drop-summer,0,0,0,0,0,0,20,0,0,0,0,0,20,0,0,0,2,6,11,1,0,1,2,7,10
summer,Dewas,test,after-gtb-b27,80,0.7875,mp_external_shards_v7_worker_0.json,five-class-19-band-v5-drop-summer,0,0,0,0,0,0,20,0,0,0,0,0,20,0,0,0,4,5,9,2,0,0,1,5,14
summer,Dewas,test,after-knn,80,0.775,mp_external_shards_v7_worker_0.json,five-class-19-band-v5-drop-summer,0,0,0,0,0,0,20,0,0,0,0,0,19,0,1,0,1,3,12,4,0,0,2,7,11
summer,Dewas,test,after-rf,80,0.8,mp_external_shards_v7_worker_0.json,five-class-19-band-v5-drop-summer,0,0,0,0,0,0,20,0,0,0,0,0,20,0,0,0,4,3,13,0,0,1,1,7,11
summer,Dewas,test,after-svm,80,0.7375,mp_external_shards_v7_worker_0.json,five-class-19-band-v5-drop-summer,0,0,0,0,0,0,20,0,0,0,0,0,19,0,1,0,2,5,12,1,0,1,3,8,8
summer,Dhar,test,after-cart,100,0.52,mp_external_shards_v7_worker_1.json,five-class-19-band-v5-drop-summer,0,8,0,0,12,0,20,0,0,0,0,0,20,0,0,0,1,11,8,0,0,2,9,5,4
summer,Dhar,test,after-gtb,100,0.7,mp_external_shards_v7_worker_1.json,five-class-19-band-v5-drop-summer,7,0,0,0,13,0,20,0,0,0,0,0,19,0,1,0,1,5,11,3,0,1,5,1,13
summer,Dhar,test,after-gtb-b19,100,0.69,mp_external_shards_v7_worker_1.json,five-class-19-band-v5-drop-summer,7,0,0,0,13,0,20,0,0,0,0,0,20,0,0,0,1,7,8,4,0,1,3,2,14
summer,Dhar,test,after-gtb-b22,100,0.71,mp_external_shards_v7_worker_1.json,five-class-19-band-v5-drop-summer,7,0,0,0,13,0,20,0,0,0,0,0,20,0,0,0,1,6,9,4,1,0,3,1,15
summer,Dhar,test,after-gtb-b27,100,0.74,mp_external_shards_v7_worker_1.json,five-class-19-band-v5-drop-summer,7,0,0,0,13,0,20,0,0,0,0,0,20,0,0,0,1,7,11,1,0,1,2,1,16
summer,Dhar,test,after-knn,100,0.65,mp_external_shards_v7_worker_1.json,five-class-19-band-v5-drop-summer,6,2,0,0,12,0,20,0,0,0,0,0,19,0,1,0,2,7,10,1,0,0,4,6,10
summer,Dhar,test,after-rf,100,0.71,mp_external_shards_v7_worker_1.json,five-class-19-band-v5-drop-summer,7,6,0,0,7,0,20,0,0,0,0,0,20,0,0,0,1,7,12,0,0,2,3,3,12
summer,Dhar,test,after-svm,100,0.64,mp_external_shards_v7_worker_1.json,five-class-19-band-v5-drop-summer,1,0,0,0,19,0,20,0,0,0,0,0,20,0,0,0,1,6,11,2,0,1,2,5,12
summer,Dindori,training-withheld,after-cart,100,0.49,mp_external_shards_v7_worker_2.json,five-class-19-band-v5-drop-summer,1,12,0,0,7,0,20,0,0,0,0,0,20,0,0,1,5,6,8,0,2,1,5,12,0
summer,Dindori,training-withheld,after-gtb,100,0.59,mp_external_shards_v7_worker_2.json,five-class-19-band-v5-drop-summer,1,3,0,0,16,0,20,0,0,0,0,0,20,0,0,0,5,1,13,1,2,2,3,8,5
summer,Dindori,training-withheld,after-gtb-b19,100,0.55,mp_external_shards_v7_worker_2.json,five-class-19-band-v5-drop-summer,0,4,0,0,16,0,20,0,0,0,0,0,20,0,0,0,7,3,10,0,1,1,1,12,5
summer,Dindori,training-withheld,after-gtb-b22,100,0.55,mp_external_shards_v7_worker_2.json,five-class-19-band-v5-drop-summer,0,6,0,0,14,0,20,0,0,0,0,0,20,0,0,0,5,3,11,1,1,1,2,12,4
summer,Dindori,training-withheld,after-gtb-b27,100,0.59,mp_external_shards_v7_worker_2.json,five-class-19-band-v5-drop-summer,2,4,0,0,14,0,20,0,0,0,0,0,20,0,0,0,5,3,11,1,2,1,2,9,6
summer,Dindori,training-withheld,after-knn,100,0.56,mp_external_shards_v7_worker_2.json,five-class-19-band-v5-drop-summer,2,0,0,0,18,0,20,0,0,0,0,0,20,0,0,0,3,4,12,1,2,0,5,11,2
summer,Dindori,training-withheld,after-rf,100,0.56,mp_external_shards_v7_worker_2.json,five-class-19-band-v5-drop-summer,0,11,0,0,9,0,20,0,0,0,0,0,20,0,0,0,5,3,10,2,1,2,1,10,6
summer,Dindori,training-withheld,after-svm,100,0.57,mp_external_shards_v7_worker_2.json,five-class-19-band-v5-drop-summer,2,0,0,0,18,0,20,0,0,0,0,0,20,0,0,0,5,3,11,1,2,0,0,14,4
summer,East Nimar,test,after-cart,80,0.725,mp_external_shards_v7_worker_3.json,five-class-19-band-v5-drop-summer,0,0,0,0,0,0,20,0,0,0,0,0,20,0,0,0,2,6,12,0,0,4,3,7,6
summer,East Nimar,test,after-gtb,80,0.8,mp_external_shards_v7_worker_3.json,five-class-19-band-v5-drop-summer,0,0,0,0,0,0,20,0,0,0,0,0,20,0,0,0,2,2,14,2,0,4,2,4,10
summer,East Nimar,test,after-gtb-b19,80,0.7625,mp_external_shards_v7_worker_3.json,five-class-19-band-v5-drop-summer,0,0,0,0,0,0,20,0,0,0,0,0,20,0,0,0,1,3,12,4,0,5,1,5,9
summer,East Nimar,test,after-gtb-b22,80,0.775,mp_external_shards_v7_worker_3.json,five-class-19-band-v5-drop-summer,0,0,0,0,0,0,20,0,0,0,0,0,20,0,0,0,1,4,12,3,0,5,1,4,10
summer,East Nimar,test,after-gtb-b27,80,0.7625,mp_external_shards_v7_worker_3.json,five-class-19-band-v5-drop-summer,0,0,0,0,0,0,20,0,0,0,0,0,20,0,0,0,2,4,11,3,0,4,2,4,10
summer,East Nimar,test,after-knn,80,0.8,mp_external_shards_v7_worker_3.json,five-class-19-band-v5-drop-summer,0,0,0,0,0,0,20,0,0,0,0,0,20,0,0,0,1,4,14,1,0,1,2,7,10
summer,East Nimar,test,after-rf,80,0.85,mp_external_shards_v7_worker_3.json,five-class-19-band-v5-drop-summer,0,0,0,0,0,0,20,0,0,0,0,0,20,0,0,0,2,0,17,1,0,3,1,5,11
summer,East Nimar,test,after-svm,80,0.825,mp_external_shards_v7_worker_3.json,five-class-19-band-v5-drop-summer,0,0,0,0,0,0,20,0,0,0,0,0,20,0,0,0,1,3,15,1,0,1,1,7,11
summer,Guna,test,after-cart,100,0.5,mp_external_shards_v7_worker_0.json,five-class-19-band-v5-drop-summer,0,4,0,0,16,0,20,0,0,0,0,0,20,0,0,0,3,12,5,0,2,1,7,5,5
summer,Guna,test,after-gtb,100,0.63,mp_external_shards_v7_worker_0.json,five-class-19-band-v5-drop-summer,3,0,0,0,17,0,20,0,0,0,0,0,20,0,0,0,3,9,7,1,2,1,0,4,13
summer,Guna,test,after-gtb-b19,100,0.61,mp_external_shards_v7_worker_0.json,five-class-19-band-v5-drop-summer,0,0,0,0,20,0,20,0,0,0,0,0,20,0,0,0,3,8,6,3,1,1,0,3,15
summer,Guna,test,after-gtb-b22,100,0.63,mp_external_shards_v7_worker_0.json,five-class-19-band-v5-drop-summer,2,0,0,0,18,0,20,0,0,0,0,0,20,0,0,0,3,9,6,2,1,1,0,3,15
summer,Guna,test,after-gtb-b27,100,0.64,mp_external_shards_v7_worker_0.json,five-class-19-band-v5-drop-summer,2,0,0,0,18,0,20,0,0,0,0,0,20,0,0,0,3,9,7,1,1,1,0,3,15
summer,Guna,test,after-knn,100,0.62,mp_external_shards_v7_worker_0.json,five-class-19-band-v5-drop-summer,0,0,0,0,20,0,20,0,0,0,0,0,20,0,0,0,1,6,9,4,2,0,0,5,13
summer,Guna,test,after-rf,100,0.64,mp_external_shards_v7_worker_0.json,five-class-19-band-v5-drop-summer,1,0,0,0,19,0,20,0,0,0,0,0,20,0,0,0,2,8,10,0,1,1,0,5,13
summer,Guna,test,after-svm,100,0.62,mp_external_shards_v7_worker_0.json,five-class-19-band-v5-drop-summer,0,0,0,0,20,0,20,0,0,0,0,0,19,1,0,0,3,7,10,0,2,0,0,5,13
summer,Gwalior,test,after-cart,80,0.6,mp_external_shards_v7_worker_1.json,five-class-19-band-v5-drop-summer,0,0,0,0,0,0,20,0,0,0,0,0,20,0,0,0,1,16,3,0,0,0,6,9,5
summer,Gwalior,test,after-gtb,80,0.7625,mp_external_shards_v7_worker_1.json,five-class-19-band-v5-drop-summer,0,0,0,0,0,0,20,0,0,0,0,0,20,0,0,0,2,9,9,0,0,0,0,8,12
summer,Gwalior,test,after-gtb-b19,80,0.725,mp_external_shards_v7_worker_1.json,five-class-19-band-v5-drop-summer,0,0,0,0,0,0,20,0,0,0,0,0,20,0,0,0,2,11,6,1,0,0,0,8,12
summer,Gwalior,test,after-gtb-b22,80,0.725,mp_external_shards_v7_worker_1.json,five-class-19-band-v5-drop-summer,0,0,0,0,0,0,20,0,0,0,0,0,20,0,0,0,1,12,6,1,0,0,0,8,12
summer,Gwalior,test,after-gtb-b27,80,0.75,mp_external_shards_v7_worker_1.json,five-class-19-band-v5-drop-summer,0,0,0,0,0,0,20,0,0,0,0,0,20,0,0,0,1,11,6,2,0,0,0,6,14
summer,Gwalior,test,after-knn,80,0.7125,mp_external_shards_v7_worker_1.json,five-class-19-band-v5-drop-summer,0,0,0,0,0,0,20,0,0,0,0,0,20,0,0,0,3,11,5,1,0,0,0,8,12
summer,Gwalior,test,after-rf,80,0.7625,mp_external_shards_v7_worker_1.json,five-class-19-band-v5-drop-summer,0,0,0,0,0,0,20,0,0,0,0,0,20,0,0,0,1,10,9,0,0,0,0,8,12
summer,Gwalior,test,after-svm,80,0.725,mp_external_shards_v7_worker_1.json,five-class-19-band-v5-drop-summer,0,0,0,0,0,0,20,0,0,0,0,0,20,0,0,0,2,12,6,0,0,0,1,7,12
summer,Harda,development,after-cart,84,0.666667,mp_external_shards_v7_worker_2.json,five-class-19-band-v5-drop-summer,0,0,0,0,4,0,20,0,0,0,0,0,20,0,0,0,4,12,4,0,1,0,2,5,12
summer,Harda,development,after-gtb,84,0.797619,mp_external_shards_v7_worker_2.json,five-class-19-band-v5-drop-summer,2,0,0,0,2,0,20,0,0,0,0,0,20,0,0,0,0,12,7,1,0,0,1,1,18
summer,Harda,development,after-gtb-b19,84,0.761905,mp_external_shards_v7_worker_2.json,five-class-19-band-v5-drop-summer,1,0,0,0,3,0,20,0,0,0,0,0,20,0,0,0,1,11,5,3,0,0,1,1,18
summer,Harda,development,after-gtb-b22,84,0.785714,mp_external_shards_v7_worker_2.json,five-class-19-band-v5-drop-summer,1,0,0,0,3,0,20,0,0,0,0,0,20,0,0,0,0,11,8,1,0,0,1,2,17
summer,Harda,development,after-gtb-b27,84,0.797619,mp_external_shards_v7_worker_2.json,five-class-19-band-v5-drop-summer,2,0,0,0,2,0,20,0,0,0,0,0,20,0,0,0,1,12,7,0,0,0,1,1,18
summer,Harda,development,after-knn,84,0.77381,mp_external_shards_v7_worker_2.json,five-class-19-band-v5-drop-summer,0,0,0,0,4,0,20,0,0,0,0,0,20,0,0,0,0,10,10,0,0,0,2,3,15
summer,Harda,development,after-rf,84,0.833333,mp_external_shards_v7_worker_2.json,five-class-19-band-v5-drop-summer,2,0,0,0,2,0,20,0,0,0,0,0,20,0,0,0,1,8,11,0,0,0,1,2,17
summer,Harda,development,after-svm,84,0.785714,mp_external_shards_v7_worker_2.json,five-class-19-band-v5-drop-summer,0,0,0,0,4,0,20,0,0,0,0,0,20,0,0,0,0,8,10,2,0,0,1,3,16
summer,Hoshangabad,development,after-cart,100,0.66,mp_external_shards_v7_worker_3.json,five-class-19-band-v5-drop-summer,7,3,0,0,10,0,20,0,0,0,0,0,20,0,0,0,0,6,14,0,1,0,12,2,5
summer,Hoshangabad,development,after-gtb,100,0.77,mp_external_shards_v7_worker_3.json,five-class-19-band-v5-drop-summer,6,8,0,0,6,0,20,0,0,0,0,0,20,0,0,0,0,1,16,3,1,0,1,3,15
summer,Hoshangabad,development,after-gtb-b19,100,0.66,mp_external_shards_v7_worker_3.json,five-class-19-band-v5-drop-summer,3,10,0,0,7,0,20,0,0,0,0,0,20,0,0,0,0,2,9,9,1,0,1,4,14
summer,Hoshangabad,development,after-gtb-b22,100,0.73,mp_external_shards_v7_worker_3.json,five-class-19-band-v5-drop-summer,4,9,0,0,7,0,20,0,0,0,0,0,20,0,0,0,0,2,13,5,1,0,0,3,16
summer,Hoshangabad,development,after-gtb-b27,100,0.74,mp_external_shards_v7_worker_3.json,five-class-19-band-v5-drop-summer,5,9,0,0,6,0,20,0,0,0,0,0,20,0,0,0,1,2,13,4,1,0,0,3,16
summer,Hoshangabad,development,after-knn,100,0.75,mp_external_shards_v7_worker_3.json,five-class-19-band-v5-drop-summer,6,6,0,0,8,0,20,0,0,0,0,0,20,0,0,0,0,4,16,0,1,0,2,4,13
summer,Hoshangabad,development,after-rf,100,0.74,mp_external_shards_v7_worker_3.json,five-class-19-band-v5-drop-summer,1,11,0,0,8,0,20,0,0,0,0,0,20,0,0,0,1,2,17,0,1,0,0,3,16
summer,Hoshangabad,development,after-svm,100,0.74,mp_external_shards_v7_worker_3.json,five-class-19-band-v5-drop-summer,4,10,0,0,6,0,20,0,0,0,0,0,20,0,0,0,1,1,18,0,2,0,2,4,12
summer,Indore,test,after-cart,100,0.55,mp_external_shards_v7_worker_0.json,five-class-19-band-v5-drop-summer,3,17,0,0,0,0,20,0,0,0,0,0,20,0,0,0,6,9,5,0,2,3,3,5,7
summer,Indore,test,after-gtb,100,0.83,mp_external_shards_v7_worker_0.json,five-class-19-band-v5-drop-summer,13,0,0,0,7,0,20,0,0,0,0,0,20,0,0,0,1,4,14,1,0,2,1,1,16
summer,Indore,test,after-gtb-b19,100,0.79,mp_external_shards_v7_worker_0.json,five-class-19-band-v5-drop-summer,13,0,0,0,7,0,20,0,0,0,0,0,20,0,0,0,2,5,10,3,0,2,1,1,16
summer,Indore,test,after-gtb-b22,100,0.81,mp_external_shards_v7_worker_0.json,five-class-19-band-v5-drop-summer,11,4,1,0,4,0,20,0,0,0,0,0,20,0,0,0,1,4,13,2,0,2,1,0,17
summer,Indore,test,after-gtb-b27,100,0.82,mp_external_shards_v7_worker_0.json,five-class-19-band-v5-drop-summer,13,3,0,0,4,0,20,0,0,0,0,0,20,0,0,0,1,5,13,1,0,2,1,1,16
summer,Indore,test,after-knn,100,0.82,mp_external_shards_v7_worker_0.json,five-class-19-band-v5-drop-summer,16,0,0,0,4,0,20,0,0,0,0,0,20,0,0,0,0,5,15,0,1,0,3,5,11
summer,Indore,test,after-rf,100,0.85,mp_external_shards_v7_worker_0.json,five-class-19-band-v5-drop-summer,15,1,0,0,4,0,20,0,0,0,0,0,20,0,0,0,2,3,15,0,0,2,1,2,15
summer,Indore,test,after-svm,100,0.67,mp_external_shards_v7_worker_0.json,five-class-19-band-v5-drop-summer,6,0,0,0,14,0,20,0,0,0,0,0,20,0,0,0,1,9,8,2,0,0,0,7,13
summer,Jabalpur,training-withheld,after-cart,86,0.616279,mp_external_shards_v7_worker_1.json,five-class-19-band-v5-drop-summer,6,6,0,0,2,0,19,0,0,0,0,0,18,0,0,0,11,2,3,0,0,0,10,2,7
summer,Jabalpur,training-withheld,after-gtb,86,0.77907,mp_external_shards_v7_worker_1.json,five-class-19-band-v5-drop-summer,7,5,0,0,2,0,19,0,0,0,0,0,18,0,0,0,3,2,11,0,0,0,4,3,12
summer,Jabalpur,training-withheld,after-gtb-b19,86,0.77907,mp_external_shards_v7_worker_1.json,five-class-19-band-v5-drop-summer,6,3,0,0,5,0,19,0,0,0,0,0,18,0,0,0,1,2,11,2,1,0,3,2,13
summer,Jabalpur,training-withheld,after-gtb-b22,86,0.77907,mp_external_shards_v7_worker_1.json,five-class-19-band-v5-drop-summer,5,3,0,0,6,0,19,0,0,0,0,0,18,0,0,0,2,2,11,1,1,0,2,2,14
summer,Jabalpur,training-withheld,after-gtb-b27,86,0.790698,mp_external_shards_v7_worker_1.json,five-class-19-band-v5-drop-summer,6,3,0,0,5,0,19,0,0,0,0,0,18,0,0,0,2,2,12,0,0,0,3,3,13
summer,Jabalpur,training-withheld,after-knn,86,0.755814,mp_external_shards_v7_worker_1.json,five-class-19-band-v5-drop-summer,5,3,0,0,6,0,19,0,0,0,0,0,18,0,0,0,2,2,12,0,1,0,5,2,11
summer,Jabalpur,training-withheld,after-rf,86,0.77907,mp_external_shards_v7_worker_1.json,five-class-19-band-v5-drop-summer,7,5,0,0,2,0,19,0,0,0,0,0,18,0,0,0,1,2,12,1,0,1,5,2,11
summer,Jabalpur,training-withheld,after-svm,86,0.755814,mp_external_shards_v7_worker_1.json,five-class-19-band-v5-drop-summer,7,3,0,0,4,0,19,0,0,0,0,0,18,0,0,0,1,8,7,0,0,0,2,3,14
summer,Jhabua,development,after-cart,100,0.47,mp_external_shards_v7_worker_2.json,five-class-19-band-v5-drop-summer,0,0,0,0,20,0,20,0,0,0,0,0,18,1,1,0,4,10,6,0,0,1,7,9,3
summer,Jhabua,development,after-gtb,100,0.65,mp_external_shards_v7_worker_2.json,five-class-19-band-v5-drop-summer,10,6,0,0,4,0,20,0,0,0,0,0,19,0,1,0,4,8,8,0,0,1,2,9,8
summer,Jhabua,development,after-gtb-b19,100,0.58,mp_external_shards_v7_worker_2.json,five-class-19-band-v5-drop-summer,8,4,0,0,8,0,20,0,0,0,0,0,20,0,0,0,3,8,5,4,0,1,3,11,5
summer,Jhabua,development,after-gtb-b22,100,0.64,mp_external_shards_v7_worker_2.json,five-class-19-band-v5-drop-summer,8,5,0,0,7,0,20,0,0,0,0,0,20,0,0,0,3,6,8,3,0,1,2,9,8
summer,Jhabua,development,after-gtb-b27,100,0.63,mp_external_shards_v7_worker_2.json,five-class-19-band-v5-drop-summer,8,4,0,0,8,0,20,0,0,0,0,0,20,0,0,0,3,8,8,1,0,1,3,9,7
summer,Jhabua,development,after-knn,100,0.63,mp_external_shards_v7_worker_2.json,five-class-19-band-v5-drop-summer,10,4,0,0,6,0,20,0,0,0,1,0,18,0,1,0,1,12,7,0,1,1,2,8,8
summer,Jhabua,development,after-rf,100,0.61,mp_external_shards_v7_worker_2.json,five-class-19-band-v5-drop-summer,8,3,0,0,9,0,20,0,0,0,0,0,17,1,2,0,4,7,9,0,0,1,3,9,7
summer,Jhabua,development,after-svm,100,0.61,mp_external_shards_v7_worker_2.json,five-class-19-band-v5-drop-summer,7,0,0,0,13,0,20,0,0,0,0,0,19,0,1,0,3,8,8,1,0,1,5,7,7
summer,Katni,training-withheld,after-cart,98,0.581633,mp_external_shards_v7_worker_3.json,five-class-19-band-v5-drop-summer,3,0,0,0,17,0,20,0,0,0,0,0,18,0,0,0,1,9,10,0,0,0,10,4,6
summer,Katni,training-withheld,after-gtb,98,0.785714,mp_external_shards_v7_worker_3.json,five-class-19-band-v5-drop-summer,11,0,0,0,9,0,20,0,0,0,0,0,18,0,0,0,0,2,16,2,0,0,4,4,12
summer,Katni,training-withheld,after-gtb-b19,98,0.653061,mp_external_shards_v7_worker_3.json,five-class-19-band-v5-drop-summer,4,0,0,0,16,0,20,0,0,0,0,0,17,1,0,0,1,2,12,5,0,0,2,7,11
summer,Katni,training-withheld,after-gtb-b22,98,0.765306,mp_external_shards_v7_worker_3.json,five-class-19-band-v5-drop-summer,9,0,0,0,11,0,20,0,0,0,0,0,18,0,0,0,1,2,15,2,0,0,2,5,13
summer,Katni,training-withheld,after-gtb-b27,98,0.765306,mp_external_shards_v7_worker_3.json,five-class-19-band-v5-drop-summer,9,0,0,0,11,0,20,0,0,0,0,0,18,0,0,0,1,3,14,2,0,0,2,4,14
summer,Katni,training-withheld,after-knn,98,0.755102,mp_external_shards_v7_worker_3.json,five-class-19-band-v5-drop-summer,12,0,0,0,8,0,20,0,0,0,0,0,18,0,0,0,3,2,15,0,3,0,2,6,9
summer,Katni,training-withheld,after-rf,98,0.734694,mp_external_shards_v7_worker_3.json,five-class-19-band-v5-drop-summer,8,0,0,0,12,0,20,0,0,0,0,0,18,0,0,0,1,3,16,0,0,0,4,6,10
summer,Katni,training-withheld,after-svm,98,0.734694,mp_external_shards_v7_worker_3.json,five-class-19-band-v5-drop-summer,7,0,0,0,13,0,20,0,0,0,0,0,18,0,0,0,3,0,16,1,2,0,2,5,11
summer,Mandla,training-withheld,after-cart,100,0.49,mp_external_shards_v7_worker_0.json,five-class-19-band-v5-drop-summer,1,14,0,0,5,0,20,0,0,0,0,0,20,0,0,0,2,12,6,0,1,1,8,8,2
summer,Mandla,training-withheld,after-gtb,100,0.62,mp_external_shards_v7_worker_0.json,five-class-19-band-v5-drop-summer,3,3,0,0,14,0,20,0,0,0,0,0,20,0,0,0,2,6,11,1,1,0,2,9,8
summer,Mandla,training-withheld,after-gtb-b19,100,0.59,mp_external_shards_v7_worker_0.json,five-class-19-band-v5-drop-summer,3,2,0,0,15,0,20,0,0,0,0,0,20,0,0,0,3,7,8,2,1,0,2,9,8
summer,Mandla,training-withheld,after-gtb-b22,100,0.6,mp_external_shards_v7_worker_0.json,five-class-19-band-v5-drop-summer,3,5,0,0,12,0,20,0,0,0,0,0,20,0,0,0,2,5,9,4,1,0,2,9,8
summer,Mandla,training-withheld,after-gtb-b27,100,0.6,mp_external_shards_v7_worker_0.json,five-class-19-band-v5-drop-summer,3,4,0,0,13,0,20,0,0,0,0,0,20,0,0,0,3,6,9,2,1,1,1,9,8
summer,Mandla,training-withheld,after-knn,100,0.56,mp_external_shards_v7_worker_0.json,five-class-19-band-v5-drop-summer,2,1,0,0,17,0,20,0,0,0,0,0,20,0,0,0,2,9,7,2,1,0,3,9,7
summer,Mandla,training-withheld,after-rf,100,0.59,mp_external_shards_v7_worker_0.json,five-class-19-band-v5-drop-summer,2,11,0,0,7,0,20,0,0,0,0,0,20,0,0,0,5,6,9,0,1,0,1,10,8
summer,Mandla,training-withheld,after-svm,100,0.6,mp_external_shards_v7_worker_0.json,five-class-19-band-v5-drop-summer,2,1,0,0,17,0,20,0,0,0,0,0,20,0,0,0,2,7,9,2,1,0,0,10,9
summer,Mandsaur,development,after-cart,100,0.63,mp_external_shards_v7_worker_1.json,five-class-19-band-v5-drop-summer,5,0,0,0,15,0,20,0,0,0,0,0,20,0,0,0,1,7,12,0,1,4,5,4,6
summer,Mandsaur,development,after-gtb,100,0.88,mp_external_shards_v7_worker_1.json,five-class-19-band-v5-drop-summer,15,0,0,0,5,0,20,0,0,0,0,0,20,0,0,0,0,2,18,0,0,3,0,2,15
summer,Mandsaur,development,after-gtb-b19,100,0.78,mp_external_shards_v7_worker_1.json,five-class-19-band-v5-drop-summer,13,0,0,0,7,0,20,0,0,0,0,0,20,0,0,0,1,5,11,3,0,4,0,2,14
summer,Mandsaur,development,after-gtb-b22,100,0.82,mp_external_shards_v7_worker_1.json,five-class-19-band-v5-drop-summer,12,0,0,0,8,0,20,0,0,0,0,0,20,0,0,0,0,3,15,2,0,3,0,2,15
summer,Mandsaur,development,after-gtb-b27,100,0.86,mp_external_shards_v7_worker_1.json,five-class-19-band-v5-drop-summer,13,0,0,0,7,0,20,0,0,0,0,0,20,0,0,0,0,3,17,0,0,2,0,2,16
summer,Mandsaur,development,after-knn,100,0.79,mp_external_shards_v7_worker_1.json,five-class-19-band-v5-drop-summer,11,0,0,0,9,0,20,0,0,0,0,0,20,0,0,0,0,4,15,1,1,2,2,2,13
summer,Mandsaur,development,after-rf,100,0.92,mp_external_shards_v7_worker_1.json,five-class-19-band-v5-drop-summer,17,0,0,0,3,0,20,0,0,0,0,0,20,0,0,0,0,1,19,0,1,1,0,2,16
summer,Mandsaur,development,after-svm,100,0.77,mp_external_shards_v7_worker_1.json,five-class-19-band-v5-drop-summer,8,0,0,0,12,0,20,0,0,0,0,0,20,0,0,0,1,4,15,0,0,3,1,2,14
summer,Morena,test,after-cart,80,0.725,mp_external_shards_v7_worker_2.json,five-class-19-band-v5-drop-summer,0,0,0,0,0,0,20,0,0,0,0,0,20,0,0,0,0,6,14,0,0,0,0,16,4
summer,Morena,test,after-gtb,80,0.875,mp_external_shards_v7_worker_2.json,five-class-19-band-v5-drop-summer,0,0,0,0,0,0,20,0,0,0,0,0,20,0,0,0,0,3,17,0,1,0,0,6,13
summer,Morena,test,after-gtb-b19,80,0.7125,mp_external_shards_v7_worker_2.json,five-class-19-band-v5-drop-summer,0,0,0,0,0,0,20,0,0,0,0,0,20,0,0,0,0,3,9,8,1,0,0,11,8
summer,Morena,test,after-gtb-b22,80,0.7625,mp_external_shards_v7_worker_2.json,five-class-19-band-v5-drop-summer,0,0,0,0,0,0,20,0,0,0,0,0,20,0,0,0,0,4,13,3,0,1,0,11,8
summer,Morena,test,after-gtb-b27,80,0.7375,mp_external_shards_v7_worker_2.json,five-class-19-band-v5-drop-summer,0,0,0,0,0,0,20,0,0,0,0,0,20,0,0,0,0,3,8,9,0,1,0,8,11
summer,Morena,test,after-knn,80,0.7625,mp_external_shards_v7_worker_2.json,five-class-19-band-v5-drop-summer,0,0,0,0,0,0,20,0,0,0,1,0,19,0,0,0,1,4,15,0,1,0,1,11,7
summer,Morena,test,after-rf,80,0.725,mp_external_shards_v7_worker_2.json,five-class-19-band-v5-drop-summer,0,0,0,0,0,0,20,0,0,0,0,0,19,1,0,0,1,5,14,0,0,1,0,14,5
summer,Morena,test,after-svm,80,0.7625,mp_external_shards_v7_worker_2.json,five-class-19-band-v5-drop-summer,0,0,0,0,0,0,20,0,0,0,0,0,20,0,0,0,1,2,16,1,2,0,0,13,5
summer,Narsinghpur,test,after-cart,100,0.69,mp_external_shards_v7_worker_3.json,five-class-19-band-v5-drop-summer,5,8,0,0,7,0,20,0,0,0,0,0,20,0,0,0,1,5,13,1,4,0,4,1,11
summer,Narsinghpur,test,after-gtb,100,0.76,mp_external_shards_v7_worker_3.json,five-class-19-band-v5-drop-summer,6,3,0,0,11,0,20,0,0,0,0,0,20,0,0,0,1,2,14,3,0,0,3,1,16
summer,Narsinghpur,test,after-gtb-b19,100,0.72,mp_external_shards_v7_worker_3.json,five-class-19-band-v5-drop-summer,5,4,0,0,11,0,20,0,0,0,0,0,20,0,0,0,2,2,11,5,0,0,3,1,16
summer,Narsinghpur,test,after-gtb-b22,100,0.72,mp_external_shards_v7_worker_3.json,five-class-19-band-v5-drop-summer,4,3,0,0,13,0,20,0,0,0,0,0,20,0,0,0,1,2,13,4,1,0,3,1,15
summer,Narsinghpur,test,after-gtb-b27,100,0.75,mp_external_shards_v7_worker_3.json,five-class-19-band-v5-drop-summer,7,2,0,0,11,0,20,0,0,0,0,0,20,0,0,0,1,2,13,4,1,0,3,1,15
summer,Narsinghpur,test,after-knn,100,0.83,mp_external_shards_v7_worker_3.json,five-class-19-band-v5-drop-summer,9,0,0,0,11,0,20,0,0,0,0,0,20,0,0,0,0,0,19,1,2,0,2,1,15
summer,Narsinghpur,test,after-rf,100,0.79,mp_external_shards_v7_worker_3.json,five-class-19-band-v5-drop-summer,7,5,0,0,8,0,20,0,0,0,0,0,20,0,0,0,1,2,16,1,1,0,2,1,16
summer,Narsinghpur,test,after-svm,100,0.75,mp_external_shards_v7_worker_3.json,five-class-19-band-v5-drop-summer,3,2,0,0,15,0,20,0,0,0,0,0,20,0,0,0,1,0,17,2,0,0,2,3,15
summer,Neemuch,development,after-cart,80,0.5875,mp_external_shards_v7_worker_0.json,five-class-19-band-v5-drop-summer,0,0,0,0,0,0,20,0,0,0,0,0,20,0,0,0,1,15,4,0,0,0,12,5,3
summer,Neemuch,development,after-gtb,80,0.7125,mp_external_shards_v7_worker_0.json,five-class-19-band-v5-drop-summer,0,0,0,0,0,0,20,0,0,0,0,0,20,0,0,0,0,13,6,1,1,0,3,5,11
summer,Neemuch,development,after-gtb-b19,80,0.7,mp_external_shards_v7_worker_0.json,five-class-19-band-v5-drop-summer,0,0,0,0,0,0,20,0,0,0,0,0,20,0,0,0,0,14,5,1,0,0,4,5,11
summer,Neemuch,development,after-gtb-b22,80,0.7125,mp_external_shards_v7_worker_0.json,five-class-19-band-v5-drop-summer,0,0,0,0,0,0,20,0,0,0,0,0,20,0,0,0,0,13,6,1,0,0,4,5,11
summer,Neemuch,development,after-gtb-b27,80,0.725,mp_external_shards_v7_worker_0.json,five-class-19-band-v5-drop-summer,0,0,0,0,0,0,20,0,0,0,0,0,20,0,0,0,0,13,6,1,0,0,2,6,12
summer,Neemuch,development,after-knn,80,0.6375,mp_external_shards_v7_worker_0.json,five-class-19-band-v5-drop-summer,0,0,0,0,0,0,20,0,0,0,1,0,19,0,0,0,0,12,7,1,2,0,6,7,5
summer,Neemuch,development,after-rf,80,0.7,mp_external_shards_v7_worker_0.json,five-class-19-band-v5-drop-summer,0,0,0,0,0,0,20,0,0,0,0,0,20,0,0,0,1,11,7,1,1,0,4,6,9
summer,Neemuch,development,after-svm,80,0.6625,mp_external_shards_v7_worker_0.json,five-class-19-band-v5-drop-summer,0,0,0,0,0,0,20,0,0,0,0,0,20,0,0,0,0,12,7,1,2,0,6,6,6
summer,Panna,test,after-cart,83,0.614458,mp_external_shards_v7_worker_1.json,five-class-19-band-v5-drop-summer,0,0,0,0,3,0,20,0,0,0,0,0,20,0,0,0,0,10,10,0,0,0,10,9,1
summer,Panna,test,after-gtb,83,0.746988,mp_external_shards_v7_worker_1.json,five-class-19-band-v5-drop-summer,3,0,0,0,0,0,20,0,0,0,0,0,20,0,0,0,0,7,12,1,1,0,0,12,7
summer,Panna,test,after-gtb-b19,83,0.710843,mp_external_shards_v7_worker_1.json,five-class-19-band-v5-drop-summer,3,0,0,0,0,0,20,0,0,0,1,0,19,0,0,0,0,7,11,2,0,0,1,13,6
summer,Panna,test,after-gtb-b22,83,0.722892,mp_external_shards_v7_worker_1.json,five-class-19-band-v5-drop-summer,3,0,0,0,0,0,20,0,0,0,0,0,20,0,0,0,0,7,12,1,1,0,0,14,5
summer,Panna,test,after-gtb-b27,83,0.759036,mp_external_shards_v7_worker_1.json,five-class-19-band-v5-drop-summer,3,0,0,0,0,0,20,0,0,0,0,0,20,0,0,0,0,7,11,2,1,0,0,10,9
summer,Panna,test,after-knn,83,0.710843,mp_external_shards_v7_worker_1.json,five-class-19-band-v5-drop-summer,2,0,0,0,1,0,20,0,0,0,1,0,19,0,0,0,1,7,12,0,2,0,1,11,6
summer,Panna,test,after-rf,83,0.73494,mp_external_shards_v7_worker_1.json,five-class-19-band-v5-drop-summer,3,0,0,0,0,0,20,0,0,0,0,0,20,0,0,0,0,6,14,0,1,0,1,14,4
summer,Panna,test,after-svm,83,0.722892,mp_external_shards_v7_worker_1.json,five-class-19-band-v5-drop-summer,3,0,0,0,0,0,20,0,0,0,1,0,19,0,0,0,0,6,14,0,2,0,2,12,4
summer,Raisen,test,after-cart,94,0.712766,mp_external_shards_v7_worker_2.json,five-class-19-band-v5-drop-summer,11,0,0,0,3,0,20,0,0,0,0,0,20,0,0,0,2,7,11,0,1,1,7,6,5
summer,Raisen,test,after-gtb,94,0.87234,mp_external_shards_v7_worker_2.json,five-class-19-band-v5-drop-summer,8,0,0,0,6,0,20,0,0,0,0,0,20,0,0,0,1,2,17,0,0,1,0,2,17
summer,Raisen,test,after-gtb-b19,94,0.723404,mp_external_shards_v7_worker_2.json,five-class-19-band-v5-drop-summer,5,0,0,0,9,0,20,0,0,0,0,0,20,0,0,0,1,4,8,7,0,1,0,4,15
summer,Raisen,test,after-gtb-b22,94,0.776596,mp_external_shards_v7_worker_2.json,five-class-19-band-v5-drop-summer,5,0,0,0,9,0,20,0,0,0,0,0,20,0,0,0,1,4,13,2,0,1,0,4,15
summer,Raisen,test,after-gtb-b27,94,0.819149,mp_external_shards_v7_worker_2.json,five-class-19-band-v5-drop-summer,5,0,0,0,9,0,20,0,0,0,0,0,20,0,0,0,1,4,14,1,0,1,0,1,18
summer,Raisen,test,after-knn,94,0.819149,mp_external_shards_v7_worker_2.json,five-class-19-band-v5-drop-summer,10,0,0,0,4,0,20,0,0,0,1,0,19,0,0,0,1,4,15,0,0,0,0,7,13
summer,Raisen,test,after-rf,94,0.840426,mp_external_shards_v7_worker_2.json,five-class-19-band-v5-drop-summer,12,0,0,0,2,0,20,0,0,0,0,0,19,0,1,0,2,4,14,0,1,0,0,5,14
summer,Raisen,test,after-svm,94,0.829787,mp_external_shards_v7_worker_2.json,five-class-19-band-v5-drop-summer,10,0,0,0,4,0,20,0,0,0,0,0,20,0,0,0,0,6,14,0,0,0,0,6,14
summer,Rajgarh,development,after-cart,100,0.67,mp_external_shards_v7_worker_3.json,five-class-19-band-v5-drop-summer,14,0,0,0,6,0,20,0,0,0,0,0,19,1,0,0,3,9,7,1,0,1,8,4,7
summer,Rajgarh,development,after-gtb,100,0.81,mp_external_shards_v7_worker_3.json,five-class-19-band-v5-drop-summer,16,0,0,0,4,0,20,0,0,0,0,0,20,0,0,0,2,4,10,4,0,1,2,2,15
summer,Rajgarh,development,after-gtb-b19,100,0.78,mp_external_shards_v7_worker_3.json,five-class-19-band-v5-drop-summer,15,0,0,0,5,0,20,0,0,0,0,0,20,0,0,0,2,6,6,6,0,1,1,1,17
summer,Rajgarh,development,after-gtb-b22,100,0.76,mp_external_shards_v7_worker_3.json,five-class-19-band-v5-drop-summer,12,0,0,0,8,0,20,0,0,0,0,0,20,0,0,0,2,4,8,6,0,1,1,2,16
summer,Rajgarh,development,after-gtb-b27,100,0.81,mp_external_shards_v7_worker_3.json,five-class-19-band-v5-drop-summer,16,0,0,0,4,0,20,0,0,0,0,0,20,0,0,0,2,5,8,5,0,1,1,1,17
summer,Rajgarh,development,after-knn,100,0.75,mp_external_shards_v7_worker_3.json,five-class-19-band-v5-drop-summer,13,0,0,0,7,0,20,0,0,0,0,0,20,0,0,0,1,7,10,2,1,1,2,4,12
summer,Rajgarh,development,after-rf,100,0.82,mp_external_shards_v7_worker_3.json,five-class-19-band-v5-drop-summer,16,0,0,0,4,0,20,0,0,0,0,0,20,0,0,0,1,5,10,4,0,1,0,3,16
summer,Rajgarh,development,after-svm,100,0.69,mp_external_shards_v7_worker_3.json,five-class-19-band-v5-drop-summer,8,0,0,0,12,0,20,0,0,0,0,0,20,0,0,0,1,5,6,8,1,0,0,4,15
summer,Ratlam,test,after-cart,80,0.7,mp_external_shards_v7_worker_0.json,five-class-19-band-v5-drop-summer,0,0,0,0,0,0,20,0,0,0,0,0,19,1,0,0,2,8,9,1,2,4,4,2,8
summer,Ratlam,test,after-gtb,80,0.725,mp_external_shards_v7_worker_0.json,five-class-19-band-v5-drop-summer,0,0,0,0,0,0,20,0,0,0,0,0,19,1,0,0,3,7,6,4,0,3,2,2,13
summer,Ratlam,test,after-gtb-b19,80,0.7125,mp_external_shards_v7_worker_0.json,five-class-19-band-v5-drop-summer,0,0,0,0,0,0,20,0,0,0,0,0,19,1,0,0,3,8,5,4,0,4,1,2,13
summer,Ratlam,test,after-gtb-b22,80,0.725,mp_external_shards_v7_worker_0.json,five-class-19-band-v5-drop-summer,0,0,0,0,0,0,20,0,0,0,0,0,19,1,0,0,2,9,6,3,0,3,2,2,13
summer,Ratlam,test,after-gtb-b27,80,0.725,mp_external_shards_v7_worker_0.json,five-class-19-band-v5-drop-summer,0,0,0,0,0,0,20,0,0,0,0,0,19,1,0,0,3,8,6,3,0,3,2,2,13
summer,Ratlam,test,after-knn,80,0.7625,mp_external_shards_v7_worker_0.json,five-class-19-band-v5-drop-summer,0,0,0,0,0,0,20,0,0,0,0,0,19,1,0,0,0,7,10,3,1,0,3,4,12
summer,Ratlam,test,after-rf,80,0.7375,mp_external_shards_v7_worker_0.json,five-class-19-band-v5-drop-summer,0,0,0,0,0,0,20,0,0,0,0,0,19,1,0,0,1,8,8,3,1,3,2,2,12
summer,Ratlam,test,after-svm,80,0.75,mp_external_shards_v7_worker_0.json,five-class-19-band-v5-drop-summer,0,0,0,0,0,0,20,0,0,0,0,0,19,1,0,0,1,5,7,7,0,0,3,3,14
summer,Rewa,development,after-cart,100,0.52,mp_external_shards_v7_worker_1.json,five-class-19-band-v5-drop-summer,3,15,0,0,2,0,20,0,0,0,0,0,20,0,0,0,0,16,4,0,2,0,4,9,5
summer,Rewa,development,after-gtb,100,0.66,mp_external_shards_v7_worker_1.json,five-class-19-band-v5-drop-summer,12,0,0,0,8,0,20,0,0,0,0,1,19,0,0,0,2,6,10,2,2,0,0,13,5
summer,Rewa,development,after-gtb-b19,100,0.62,mp_external_shards_v7_worker_1.json,five-class-19-band-v5-drop-summer,11,3,0,0,6,0,20,0,0,0,0,1,19,0,0,0,1,7,8,4,2,1,0,13,4
summer,Rewa,development,after-gtb-b22,100,0.64,mp_external_shards_v7_worker_1.json,five-class-19-band-v5-drop-summer,11,3,0,0,6,0,20,0,0,0,0,1,19,0,0,0,0,7,10,3,2,1,0,13,4
summer,Rewa,development,after-gtb-b27,100,0.66,mp_external_shards_v7_worker_1.json,five-class-19-band-v5-drop-summer,11,3,0,0,6,0,20,0,0,0,0,1,19,0,0,0,0,8,10,2,1,1,0,12,6
summer,Rewa,development,after-knn,100,0.68,mp_external_shards_v7_worker_1.json,five-class-19-band-v5-drop-summer,14,0,0,0,6,0,20,0,0,0,0,1,19,0,0,0,4,4,10,2,3,0,1,11,5
summer,Rewa,development,after-rf,100,0.61,mp_external_shards_v7_worker_1.json,five-class-19-band-v5-drop-summer,7,8,0,0,5,0,20,0,0,0,0,1,18,1,0,0,1,6,11,2,3,0,0,12,5
summer,Rewa,development,after-svm,100,0.63,mp_external_shards_v7_worker_1.json,five-class-19-band-v5-drop-summer,7,0,0,0,13,0,20,0,0,0,0,1,19,0,0,0,4,3,11,2,3,0,0,11,6
summer,Sagar,test,after-cart,100,0.65,mp_external_shards_v7_worker_2.json,five-class-19-band-v5-drop-summer,13,7,0,0,0,0,20,0,0,0,0,0,20,0,0,0,6,8,6,0,0,0,7,7,6
summer,Sagar,test,after-gtb,100,0.71,mp_external_shards_v7_worker_2.json,five-class-19-band-v5-drop-summer,9,1,0,0,10,0,20,0,0,0,0,0,20,0,0,0,2,6,8,4,0,1,1,4,14
summer,Sagar,test,after-gtb-b19,100,0.7,mp_external_shards_v7_worker_2.json,five-class-19-band-v5-drop-summer,7,3,0,0,10,0,20,0,0,0,0,0,20,0,0,0,3,5,10,2,0,0,1,6,13
summer,Sagar,test,after-gtb-b22,100,0.72,mp_external_shards_v7_worker_2.json,five-class-19-band-v5-drop-summer,8,1,0,0,11,0,20,0,0,0,0,0,20,0,0,0,2,5,11,2,0,0,1,6,13
summer,Sagar,test,after-gtb-b27,100,0.71,mp_external_shards_v7_worker_2.json,five-class-19-band-v5-drop-summer,10,2,0,0,8,0,20,0,0,0,0,0,20,0,0,0,2,5,8,5,0,1,1,5,13
summer,Sagar,test,after-knn,100,0.78,mp_external_shards_v7_worker_2.json,five-class-19-band-v5-drop-summer,11,0,0,0,9,0,20,0,0,0,0,0,20,0,0,0,0,3,14,3,0,0,1,6,13
summer,Sagar,test,after-rf,100,0.71,mp_external_shards_v7_worker_2.json,five-class-19-band-v5-drop-summer,8,4,0,0,8,0,20,0,0,0,0,0,18,1,1,0,1,7,12,0,0,0,1,6,13
summer,Sagar,test,after-svm,100,0.75,mp_external_shards_v7_worker_2.json,five-class-19-band-v5-drop-summer,9,0,0,0,11,0,20,0,0,0,0,0,20,0,0,0,0,6,13,1,0,0,1,6,13
summer,Satna,test,after-cart,100,0.65,mp_external_shards_v7_worker_3.json,five-class-19-band-v5-drop-summer,6,1,0,0,13,0,20,0,0,0,0,0,20,0,0,0,0,10,10,0,2,0,5,4,9
summer,Satna,test,after-gtb,100,0.67,mp_external_shards_v7_worker_3.json,five-class-19-band-v5-drop-summer,4,0,0,0,16,0,20,0,0,0,0,0,20,0,0,0,0,9,11,0,2,0,1,5,12
summer,Satna,test,after-gtb-b19,100,0.68,mp_external_shards_v7_worker_3.json,five-class-19-band-v5-drop-summer,4,0,0,0,16,0,20,0,0,0,0,0,20,0,0,0,0,10,9,1,1,0,2,2,15
summer,Satna,test,after-gtb-b22,100,0.64,mp_external_shards_v7_worker_3.json,five-class-19-band-v5-drop-summer,2,1,0,0,17,0,20,0,0,0,0,0,20,0,0,0,0,9,10,1,1,0,2,5,12
summer,Satna,test,after-gtb-b27,100,0.69,mp_external_shards_v7_worker_3.json,five-class-19-band-v5-drop-summer,4,1,0,0,15,0,20,0,0,0,0,0,20,0,0,0,0,9,11,0,2,0,1,3,14
summer,Satna,test,after-knn,100,0.66,mp_external_shards_v7_worker_3.json,five-class-19-band-v5-drop-summer,5,0,0,0,15,0,20,0,0,0,1,0,19,0,0,0,0,8,12,0,2,0,1,7,10
summer,Satna,test,after-rf,100,0.71,mp_external_shards_v7_worker_3.json,five-class-19-band-v5-drop-summer,4,1,0,0,15,0,20,0,0,0,0,0,20,0,0,0,0,6,14,0,2,0,1,4,13
summer,Satna,test,after-svm,100,0.67,mp_external_shards_v7_worker_3.json,five-class-19-band-v5-drop-summer,3,0,0,0,17,0,20,0,0,0,0,0,20,0,0,0,0,9,11,0,2,0,1,4,13
summer,Sehore,development,after-cart,100,0.65,mp_external_shards_v7_worker_0.json,five-class-19-band-v5-drop-summer,5,0,0,0,15,0,20,0,0,0,0,0,20,0,0,0,2,3,15,0,0,1,8,6,5
summer,Sehore,development,after-gtb,100,0.85,mp_external_shards_v7_worker_0.json,five-class-19-band-v5-drop-summer,15,0,0,0,5,0,20,0,0,0,0,0,20,0,0,0,2,1,17,0,0,1,2,4,13
summer,Sehore,development,after-gtb-b19,100,0.79,mp_external_shards_v7_worker_0.json,five-class-19-band-v5-drop-summer,13,0,0,0,7,0,20,0,0,0,0,0,20,0,0,0,1,1,12,6,0,0,2,4,14
summer,Sehore,development,after-gtb-b22,100,0.79,mp_external_shards_v7_worker_0.json,five-class-19-band-v5-drop-summer,12,0,0,0,8,0,20,0,0,0,0,0,20,0,0,0,1,2,14,3,0,0,2,5,13
summer,Sehore,development,after-gtb-b27,100,0.82,mp_external_shards_v7_worker_0.json,five-class-19-band-v5-drop-summer,15,0,0,0,5,0,20,0,0,0,0,0,20,0,0,0,2,2,14,2,0,1,2,4,13
summer,Sehore,development,after-knn,100,0.84,mp_external_shards_v7_worker_0.json,five-class-19-band-v5-drop-summer,16,0,0,0,4,0,20,0,0,0,0,0,20,0,0,0,0,2,17,1,1,0,2,6,11
summer,Sehore,development,after-rf,100,0.87,mp_external_shards_v7_worker_0.json,five-class-19-band-v5-drop-summer,18,0,0,0,2,0,20,0,0,0,0,0,20,0,0,0,2,0,17,1,1,0,2,5,12
summer,Sehore,development,after-svm,100,0.8,mp_external_shards_v7_worker_0.json,five-class-19-band-v5-drop-summer,14,0,0,0,6,0,20,0,0,0,0,0,20,0,0,0,0,2,17,1,1,2,2,6,9
summer,Seoni,test,after-cart,100,0.63,mp_external_shards_v7_worker_1.json,five-class-19-band-v5-drop-summer,9,2,0,0,9,0,20,0,0,0,0,0,20,0,0,0,2,9,8,1,0,1,5,8,6
summer,Seoni,test,after-gtb,100,0.78,mp_external_shards_v7_worker_1.json,five-class-19-band-v5-drop-summer,15,1,0,0,4,0,20,0,0,0,0,0,20,0,0,0,3,4,11,2,1,0,0,7,12
summer,Seoni,test,after-gtb-b19,100,0.74,mp_external_shards_v7_worker_1.json,five-class-19-band-v5-drop-summer,15,1,0,0,4,0,20,0,0,0,0,0,20,0,0,0,2,4,10,4,1,0,1,9,9
summer,Seoni,test,after-gtb-b22,100,0.74,mp_external_shards_v7_worker_1.json,five-class-19-band-v5-drop-summer,13,2,0,0,5,0,20,0,0,0,0,0,20,0,0,0,2,4,11,3,1,1,0,8,10
summer,Seoni,test,after-gtb-b27,100,0.79,mp_external_shards_v7_worker_1.json,five-class-19-band-v5-drop-summer,15,0,0,0,5,0,20,0,0,0,0,0,20,0,0,0,3,4,12,1,1,0,0,7,12
summer,Seoni,test,after-knn,100,0.72,mp_external_shards_v7_worker_1.json,five-class-19-band-v5-drop-summer,12,0,0,0,8,0,20,0,0,0,0,0,20,0,0,0,0,4,14,2,3,1,1,9,6
summer,Seoni,test,after-rf,100,0.72,mp_external_shards_v7_worker_1.json,five-class-19-band-v5-drop-summer,11,1,0,0,8,0,20,0,0,0,0,0,20,0,0,0,2,5,13,0,1,2,1,8,8
summer,Seoni,test,after-svm,100,0.76,mp_external_shards_v7_worker_1.json,five-class-19-band-v5-drop-summer,15,0,0,0,5,0,20,0,0,0,0,0,20,0,0,0,0,7,13,0,2,0,1,9,8
summer,Shahdol,test,after-cart,100,0.49,mp_external_shards_v7_worker_2.json,five-class-19-band-v5-drop-summer,1,7,0,0,12,0,20,0,0,0,0,0,20,0,0,0,2,11,7,0,0,0,9,10,1
summer,Shahdol,test,after-gtb,100,0.55,mp_external_shards_v7_worker_2.json,five-class-19-band-v5-drop-summer,4,2,0,0,14,0,20,0,0,0,0,0,19,1,0,0,3,4,9,4,1,1,2,13,3
summer,Shahdol,test,after-gtb-b19,100,0.56,mp_external_shards_v7_worker_2.json,five-class-19-band-v5-drop-summer,3,2,0,0,15,0,20,0,0,0,0,0,20,0,0,0,3,2,10,5,0,1,1,15,3
summer,Shahdol,test,after-gtb-b22,100,0.59,mp_external_shards_v7_worker_2.json,five-class-19-band-v5-drop-summer,4,1,0,0,15,0,20,0,0,0,0,0,20,0,0,0,3,4,10,3,0,1,1,13,5
summer,Shahdol,test,after-gtb-b27,100,0.59,mp_external_shards_v7_worker_2.json,five-class-19-band-v5-drop-summer,5,2,0,0,13,0,20,0,0,0,0,0,20,0,0,0,2,4,9,5,0,1,1,13,5
summer,Shahdol,test,after-knn,100,0.53,mp_external_shards_v7_worker_2.json,five-class-19-band-v5-drop-summer,3,0,0,0,17,0,20,0,0,0,0,0,20,0,0,0,4,3,10,3,1,0,6,13,0
summer,Shahdol,test,after-rf,100,0.53,mp_external_shards_v7_worker_2.json,five-class-19-band-v5-drop-summer,1,7,0,0,12,0,20,0,0,0,0,0,20,0,0,0,2,4,10,4,0,0,4,14,2
summer,Shahdol,test,after-svm,100,0.56,mp_external_shards_v7_worker_2.json,five-class-19-band-v5-drop-summer,2,0,0,0,18,0,20,0,0,0,0,0,20,0,0,0,4,3,11,2,1,0,2,14,3
summer,Shajapur,development,after-cart,94,0.62766,mp_external_shards_v7_worker_3.json,five-class-19-band-v5-drop-summer,5,9,0,0,0,0,20,0,0,0,0,0,20,0,0,1,3,3,13,0,1,3,8,7,1
summer,Shajapur,development,after-gtb,94,0.755319,mp_external_shards_v7_worker_3.json,five-class-19-band-v5-drop-summer,6,0,0,0,8,0,20,0,0,0,0,0,20,0,0,0,3,2,14,1,0,2,2,5,11
summer,Shajapur,development,after-gtb-b19,94,0.702128,mp_external_shards_v7_worker_3.json,five-class-19-band-v5-drop-summer,2,0,0,0,12,0,20,0,0,0,0,0,20,0,0,0,4,2,11,3,0,3,0,4,13
summer,Shajapur,development,after-gtb-b22,94,0.691489,mp_external_shards_v7_worker_3.json,five-class-19-band-v5-drop-summer,3,1,0,0,10,0,20,0,0,0,0,0,20,0,0,0,3,2,12,3,0,2,3,5,10
summer,Shajapur,development,after-gtb-b27,94,0.734043,mp_external_shards_v7_worker_3.json,five-class-19-band-v5-drop-summer,6,0,0,0,8,0,20,0,0,0,0,0,20,0,0,0,3,5,12,0,0,3,1,5,11
summer,Shajapur,development,after-knn,94,0.734043,mp_external_shards_v7_worker_3.json,five-class-19-band-v5-drop-summer,5,0,0,0,9,0,20,0,0,0,0,0,20,0,0,0,0,3,16,1,0,2,2,8,8
summer,Shajapur,development,after-rf,94,0.680851,mp_external_shards_v7_worker_3.json,five-class-19-band-v5-drop-summer,3,8,0,0,3,0,20,0,0,0,0,0,20,0,0,0,2,4,13,1,0,2,4,6,8
summer,Shajapur,development,after-svm,94,0.680851,mp_external_shards_v7_worker_3.json,five-class-19-band-v5-drop-summer,3,0,0,0,11,0,20,0,0,0,0,0,20,0,0,0,1,3,12,4,0,5,3,3,9
summer,Sheopur,development,after-cart,100,0.71,mp_external_shards_v7_worker_0.json,five-class-19-band-v5-drop-summer,14,1,0,0,5,0,20,0,0,0,0,0,20,0,0,0,0,9,11,0,1,0,4,9,6
summer,Sheopur,development,after-gtb,100,0.81,mp_external_shards_v7_worker_0.json,five-class-19-band-v5-drop-summer,17,1,0,0,2,0,20,0,0,0,0,0,20,0,0,0,0,6,11,3,0,0,1,6,13
summer,Sheopur,development,after-gtb-b19,100,0.72,mp_external_shards_v7_worker_0.json,five-class-19-band-v5-drop-summer,12,1,0,0,7,0,20,0,0,0,0,0,20,0,0,0,0,4,7,9,0,0,1,6,13
summer,Sheopur,development,after-gtb-b22,100,0.75,mp_external_shards_v7_worker_0.json,five-class-19-band-v5-drop-summer,13,1,0,0,6,0,20,0,0,0,0,0,20,0,0,0,0,5,8,7,0,0,1,5,14
summer,Sheopur,development,after-gtb-b27,100,0.79,mp_external_shards_v7_worker_0.json,five-class-19-band-v5-drop-summer,17,1,0,0,2,0,20,0,0,0,0,0,20,0,0,0,0,5,8,7,0,0,1,5,14
summer,Sheopur,development,after-knn,100,0.8,mp_external_shards_v7_worker_0.json,five-class-19-band-v5-drop-summer,18,0,0,0,2,0,20,0,0,0,0,0,20,0,0,0,0,6,12,2,1,0,1,8,10
summer,Sheopur,development,after-rf,100,0.82,mp_external_shards_v7_worker_0.json,five-class-19-band-v5-drop-summer,16,1,0,0,3,0,20,0,0,0,0,0,20,0,0,0,0,3,15,2,0,0,1,8,11
summer,Sheopur,development,after-svm,100,0.82,mp_external_shards_v7_worker_0.json,five-class-19-band-v5-drop-summer,16,0,0,0,4,0,20,0,0,0,0,0,20,0,0,0,0,5,14,1,0,0,1,7,12
summer,Shivpuri,development,after-cart,87,0.563218,mp_external_shards_v7_worker_1.json,five-class-19-band-v5-drop-summer,0,0,0,0,7,0,20,0,0,0,0,0,19,1,0,0,1,12,5,2,0,0,6,9,5
summer,Shivpuri,development,after-gtb,87,0.712644,mp_external_shards_v7_worker_1.json,five-class-19-band-v5-drop-summer,6,0,1,0,0,0,20,0,0,0,0,0,18,2,0,0,1,7,9,3,1,0,0,10,9
summer,Shivpuri,development,after-gtb-b19,87,0.724138,mp_external_shards_v7_worker_1.json,five-class-19-band-v5-drop-summer,5,0,0,0,2,0,20,0,0,0,0,0,19,1,0,0,2,7,9,2,1,0,0,9,10
summer,Shivpuri,development,after-gtb-b22,87,0.701149,mp_external_shards_v7_worker_1.json,five-class-19-band-v5-drop-summer,4,0,0,0,3,0,20,0,0,0,0,0,19,1,0,0,1,7,9,3,0,0,0,11,9
summer,Shivpuri,development,after-gtb-b27,87,0.701149,mp_external_shards_v7_worker_1.json,five-class-19-band-v5-drop-summer,4,0,0,0,3,0,20,0,0,0,0,0,19,1,0,0,1,7,9,3,1,0,0,10,9
summer,Shivpuri,development,after-knn,87,0.655172,mp_external_shards_v7_worker_1.json,five-class-19-band-v5-drop-summer,7,0,0,0,0,0,20,0,0,0,0,0,20,0,0,0,2,9,6,3,2,0,2,12,4
summer,Shivpuri,development,after-rf,87,0.724138,mp_external_shards_v7_worker_1.json,five-class-19-band-v5-drop-summer,5,0,0,0,2,0,20,0,0,0,0,0,19,1,0,0,1,6,11,2,1,0,0,11,8
summer,Shivpuri,development,after-svm,87,0.678161,mp_external_shards_v7_worker_1.json,five-class-19-band-v5-drop-summer,2,0,0,0,5,0,20,0,0,0,0,0,19,1,0,0,2,8,10,0,1,0,0,11,8
summer,Sidhi,test,after-cart,100,0.53,mp_external_shards_v7_worker_2.json,five-class-19-band-v5-drop-summer,6,0,0,0,14,0,20,0,0,0,0,0,19,0,1,0,4,8,8,0,1,0,4,15,0
summer,Sidhi,test,after-gtb,100,0.61,mp_external_shards_v7_worker_2.json,five-class-19-band-v5-drop-summer,6,2,0,0,12,0,20,0,0,0,0,0,20,0,0,0,4,4,11,1,0,0,1,15,4
summer,Sidhi,test,after-gtb-b19,100,0.54,mp_external_shards_v7_worker_2.json,five-class-19-band-v5-drop-summer,5,2,0,0,13,0,20,0,0,0,0,0,20,0,0,0,3,5,7,5,0,0,1,17,2
summer,Sidhi,test,after-gtb-b22,100,0.59,mp_external_shards_v7_worker_2.json,five-class-19-band-v5-drop-summer,7,2,0,0,11,0,20,0,0,0,0,0,20,0,0,0,3,5,9,3,0,0,1,16,3
summer,Sidhi,test,after-gtb-b27,100,0.58,mp_external_shards_v7_worker_2.json,five-class-19-band-v5-drop-summer,8,1,0,0,11,0,20,0,0,0,0,0,20,0,0,0,4,6,7,3,0,0,1,16,3
summer,Sidhi,test,after-knn,100,0.6,mp_external_shards_v7_worker_2.json,five-class-19-band-v5-drop-summer,8,0,0,0,12,0,20,0,0,0,0,0,19,0,1,0,1,5,11,3,0,0,3,15,2
summer,Sidhi,test,after-rf,100,0.54,mp_external_shards_v7_worker_2.json,five-class-19-band-v5-drop-summer,5,1,0,0,14,0,20,0,0,0,0,0,18,0,2,0,4,5,10,1,1,0,1,17,1
summer,Sidhi,test,after-svm,100,0.57,mp_external_shards_v7_worker_2.json,five-class-19-band-v5-drop-summer,4,0,0,0,16,0,20,0,0,0,0,0,20,0,0,0,2,5,11,2,0,0,3,15,2
summer,Tikamgarh,development,after-cart,100,0.49,mp_external_shards_v7_worker_3.json,five-class-19-band-v5-drop-summer,0,3,0,0,17,0,20,0,0,0,0,0,20,0,0,0,2,16,2,0,2,0,7,4,7
summer,Tikamgarh,development,after-gtb,100,0.61,mp_external_shards_v7_worker_3.json,five-class-19-band-v5-drop-summer,5,0,0,0,15,0,20,0,0,0,0,0,20,0,0,0,2,10,8,0,1,0,1,10,8
summer,Tikamgarh,development,after-gtb-b19,100,0.6,mp_external_shards_v7_worker_3.json,five-class-19-band-v5-drop-summer,7,0,0,0,13,0,20,0,0,0,0,0,20,0,0,0,2,13,4,1,0,0,2,9,9
summer,Tikamgarh,development,after-gtb-b22,100,0.57,mp_external_shards_v7_worker_3.json,five-class-19-band-v5-drop-summer,3,0,0,0,17,0,20,0,0,0,0,0,20,0,0,0,2,13,5,0,0,0,1,10,9
summer,Tikamgarh,development,after-gtb-b27,100,0.59,mp_external_shards_v7_worker_3.json,five-class-19-band-v5-drop-summer,6,0,0,0,14,0,20,0,0,0,0,0,20,0,0,0,2,14,4,0,1,0,1,9,9
summer,Tikamgarh,development,after-knn,100,0.56,mp_external_shards_v7_worker_3.json,five-class-19-band-v5-drop-summer,2,0,0,0,18,0,20,0,0,0,0,0,20,0,0,0,5,9,6,0,2,0,1,9,8
summer,Tikamgarh,development,after-rf,100,0.65,mp_external_shards_v7_worker_3.json,five-class-19-band-v5-drop-summer,8,0,0,0,12,0,20,0,0,0,0,0,20,0,0,0,2,9,9,0,1,0,0,11,8
summer,Tikamgarh,development,after-svm,100,0.58,mp_external_shards_v7_worker_3.json,five-class-19-band-v5-drop-summer,4,0,0,0,16,0,20,0,0,0,0,0,20,0,0,0,2,12,6,0,2,0,0,10,8
summer,Ujjain,test,after-cart,80,0.675,mp_external_shards_v7_worker_0.json,five-class-19-band-v5-drop-summer,0,0,0,0,0,0,20,0,0,0,0,0,20,0,0,0,4,9,7,0,0,4,6,3,7
summer,Ujjain,test,after-gtb,80,0.8125,mp_external_shards_v7_worker_0.json,five-class-19-band-v5-drop-summer,0,0,0,0,0,0,20,0,0,0,0,0,20,0,0,0,2,5,10,3,0,2,3,0,15
summer,Ujjain,test,after-gtb-b19,80,0.7375,mp_external_shards_v7_worker_0.json,five-class-19-band-v5-drop-summer,0,0,0,0,0,0,20,0,0,0,0,0,20,0,0,0,2,6,6,6,0,3,2,2,13
summer,Ujjain,test,after-gtb-b22,80,0.725,mp_external_shards_v7_worker_0.json,five-class-19-band-v5-drop-summer,0,0,0,0,0,0,20,0,0,0,0,0,20,0,0,0,2,7,7,4,0,4,2,3,11
summer,Ujjain,test,after-gtb-b27,80,0.7625,mp_external_shards_v7_worker_0.json,five-class-19-band-v5-drop-summer,0,0,0,0,0,0,20,0,0,0,0,0,20,0,0,0,2,8,7,3,0,2,2,2,14
summer,Ujjain,test,after-knn,80,0.75,mp_external_shards_v7_worker_0.json,five-class-19-band-v5-drop-summer,0,0,0,0,0,0,20,0,0,0,0,0,20,0,0,0,1,6,9,4,0,5,2,2,11
summer,Ujjain,test,after-rf,80,0.8,mp_external_shards_v7_worker_0.json,five-class-19-band-v5-drop-summer,0,0,0,0,0,0,20,0,0,0,0,0,20,0,0,0,1,6,11,2,0,3,1,3,13
summer,Ujjain,test,after-svm,80,0.6625,mp_external_shards_v7_worker_0.json,five-class-19-band-v5-drop-summer,0,0,0,0,0,0,20,0,0,0,0,0,20,0,0,0,2,7,4,7,0,3,2,6,9
summer,Umaria,test,after-cart,100,0.51,mp_external_shards_v7_worker_1.json,five-class-19-band-v5-drop-summer,3,0,0,0,17,0,20,0,0,0,0,0,20,0,0,0,0,12,8,0,3,0,9,8,0
summer,Umaria,test,after-gtb,100,0.68,mp_external_shards_v7_worker_1.json,five-class-19-band-v5-drop-summer,12,0,0,0,8,0,20,0,0,0,0,0,20,0,0,0,1,6,12,1,1,0,4,11,4
summer,Umaria,test,after-gtb-b19,100,0.6,mp_external_shards_v7_worker_1.json,five-class-19-band-v5-drop-summer,4,0,0,0,16,0,20,0,0,0,0,0,20,0,0,0,1,5,12,2,1,0,4,11,4
summer,Umaria,test,after-gtb-b22,100,0.65,mp_external_shards_v7_worker_1.json,five-class-19-band-v5-drop-summer,7,0,0,0,13,0,20,0,0,0,0,0,20,0,0,0,1,5,12,2,0,0,4,10,6
summer,Umaria,test,after-gtb-b27,100,0.67,mp_external_shards_v7_worker_1.json,five-class-19-band-v5-drop-summer,12,0,0,0,8,0,20,0,0,0,0,0,20,0,0,0,1,4,11,4,1,0,4,11,4
summer,Umaria,test,after-knn,100,0.55,mp_external_shards_v7_worker_1.json,five-class-19-band-v5-drop-summer,7,1,0,0,12,0,20,0,0,0,0,0,19,0,1,0,1,4,8,7,5,1,5,8,1
summer,Umaria,test,after-rf,100,0.62,mp_external_shards_v7_worker_1.json,five-class-19-band-v5-drop-summer,5,0,0,0,15,0,20,0,0,0,0,0,20,0,0,0,1,4,14,1,1,0,4,12,3
summer,Umaria,test,after-svm,100,0.55,mp_external_shards_v7_worker_1.json,five-class-19-band-v5-drop-summer,4,0,0,0,16,0,20,0,0,0,0,0,20,0,0,0,1,6,9,4,6,0,2,10,2
summer,Vidisha,test,after-cart,88,0.613636,mp_external_shards_v7_worker_2.json,five-class-19-band-v5-drop-summer,2,2,0,0,4,0,20,0,0,0,0,0,20,0,0,0,6,10,4,0,1,0,7,4,8
summer,Vidisha,test,after-gtb,88,0.761364,mp_external_shards_v7_worker_2.json,five-class-19-band-v5-drop-summer,4,1,0,0,3,0,20,0,0,0,0,1,19,0,0,0,3,9,8,0,0,0,2,2,16
summer,Vidisha,test,after-gtb-b19,88,0.715909,mp_external_shards_v7_worker_2.json,five-class-19-band-v5-drop-summer,3,1,0,0,4,0,20,0,0,0,0,1,19,0,0,0,1,12,6,1,0,0,3,2,15
summer,Vidisha,test,after-gtb-b22,88,0.738636,mp_external_shards_v7_worker_2.json,five-class-19-band-v5-drop-summer,3,1,0,0,4,0,20,0,0,0,0,1,19,0,0,0,0,11,8,1,0,0,2,3,15
summer,Vidisha,test,after-gtb-b27,88,0.75,mp_external_shards_v7_worker_2.json,five-class-19-band-v5-drop-summer,4,0,0,0,4,0,20,0,0,0,0,1,19,0,0,0,1,10,8,1,0,0,3,2,15
summer,Vidisha,test,after-knn,88,0.727273,mp_external_shards_v7_worker_2.json,five-class-19-band-v5-drop-summer,5,0,0,0,3,0,20,0,0,0,1,0,19,0,0,0,1,11,7,1,1,0,1,5,13
summer,Vidisha,test,after-rf,88,0.761364,mp_external_shards_v7_worker_2.json,five-class-19-band-v5-drop-summer,3,2,0,0,3,0,20,0,0,0,0,1,19,0,0,0,2,7,10,1,0,0,2,3,15
summer,Vidisha,test,after-svm,88,0.659091,mp_external_shards_v7_worker_2.json,five-class-19-band-v5-drop-summer,2,0,0,0,6,0,20,0,0,0,0,1,19,0,0,0,2,12,5,1,0,0,3,5,12
summer,West Nimar,development,after-cart,100,0.63,mp_external_shards_v7_worker_3.json,five-class-19-band-v5-drop-summer,4,8,0,0,8,0,20,0,0,0,0,0,20,0,0,0,0,6,14,0,1,3,5,6,5
summer,West Nimar,development,after-gtb,100,0.75,mp_external_shards_v7_worker_3.json,five-class-19-band-v5-drop-summer,10,1,1,0,8,0,20,0,0,0,0,0,20,0,0,0,0,5,14,1,1,3,0,5,11
summer,West Nimar,development,after-gtb-b19,100,0.7,mp_external_shards_v7_worker_3.json,five-class-19-band-v5-drop-summer,8,1,0,0,11,0,20,0,0,0,0,0,20,0,0,0,0,5,12,3,0,4,1,5,10
summer,West Nimar,development,after-gtb-b22,100,0.71,mp_external_shards_v7_worker_3.json,five-class-19-band-v5-drop-summer,8,1,1,0,10,0,20,0,0,0,0,0,20,0,0,0,0,5,13,2,0,4,2,4,10
summer,West Nimar,development,after-gtb-b27,100,0.74,mp_external_shards_v7_worker_3.json,five-class-19-band-v5-drop-summer,11,1,0,0,8,0,20,0,0,0,0,0,20,0,0,0,0,5,13,2,0,3,2,5,10
summer,West Nimar,development,after-knn,100,0.74,mp_external_shards_v7_worker_3.json,five-class-19-band-v5-drop-summer,9,0,0,0,11,0,20,0,0,0,0,0,20,0,0,0,0,5,14,1,1,0,1,7,11
summer,West Nimar,development,after-rf,100,0.71,mp_external_shards_v7_worker_3.json,five-class-19-band-v5-drop-summer,9,3,0,0,8,0,20,0,0,0,0,0,19,1,0,0,0,5,14,1,1,4,1,5,9
summer,West Nimar,development,after-svm,100,0.69,mp_external_shards_v7_worker_3.json,five-class-19-band-v5-drop-summer,3,0,0,0,17,0,20,0,0,0,0,0,20,0,0,0,0,4,14,2,1,1,1,5,12
winter,Anuppur,test,after-cart,100,0.68,mp_external_shards_v7_worker_0.json,five-class-19-band-v5-drop-summer,14,0,1,0,5,0,20,0,0,0,0,0,17,3,0,0,0,4,16,0,0,0,8,11,1
winter,Anuppur,test,after-gtb,100,0.75,mp_external_shards_v7_worker_0.json,five-class-19-band-v5-drop-summer,19,1,0,0,0,0,20,0,0,0,0,0,20,0,0,0,0,4,15,1,0,0,6,13,1
winter,Anuppur,test,after-gtb-b19,100,0.74,mp_external_shards_v7_worker_0.json,five-class-19-band-v5-drop-summer,19,0,0,0,1,0,20,0,0,0,0,0,20,0,0,0,0,7,13,0,1,0,4,13,2
winter,Anuppur,test,after-gtb-b22,100,0.74,mp_external_shards_v7_worker_0.json,five-class-19-band-v5-drop-summer,18,0,0,0,2,0,20,0,0,0,0,0,20,0,0,0,0,5,15,0,0,0,7,12,1
winter,Anuppur,test,after-gtb-b27,100,0.72,mp_external_shards_v7_worker_0.json,five-class-19-band-v5-drop-summer,17,1,1,0,1,0,20,0,0,0,0,0,20,0,0,0,0,5,14,1,0,0,7,12,1
winter,Anuppur,test,after-knn,100,0.74,mp_external_shards_v7_worker_0.json,five-class-19-band-v5-drop-summer,18,0,0,0,2,0,20,0,0,0,0,0,20,0,0,0,1,4,15,0,2,0,7,10,1
winter,Anuppur,test,after-rf,100,0.75,mp_external_shards_v7_worker_0.json,five-class-19-band-v5-drop-summer,18,1,0,0,1,0,20,0,0,0,0,0,20,0,0,0,0,4,16,0,0,0,7,12,1
winter,Anuppur,test,after-svm,100,0.74,mp_external_shards_v7_worker_0.json,five-class-19-band-v5-drop-summer,18,1,0,0,1,0,20,0,0,0,0,0,20,0,0,0,1,4,15,0,1,0,7,11,1
winter,Ashoknagar,test,after-cart,100,0.85,mp_external_shards_v7_worker_1.json,five-class-19-band-v5-drop-summer,13,0,2,0,5,0,20,0,0,0,0,0,19,1,0,0,1,1,18,0,2,0,2,1,15
winter,Ashoknagar,test,after-gtb,100,0.9,mp_external_shards_v7_worker_1.json,five-class-19-band-v5-drop-summer,16,0,2,0,2,0,20,0,0,0,0,0,20,0,0,0,0,3,17,0,1,0,2,0,17
winter,Ashoknagar,test,after-gtb-b19,100,0.87,mp_external_shards_v7_worker_1.json,five-class-19-band-v5-drop-summer,15,0,3,0,2,0,20,0,0,0,0,0,20,0,0,0,1,4,15,0,1,0,2,0,17
winter,Ashoknagar,test,after-gtb-b22,100,0.86,mp_external_shards_v7_worker_1.json,five-class-19-band-v5-drop-summer,15,0,3,0,2,0,20,0,0,0,0,0,20,0,0,0,0,6,14,0,1,0,2,0,17
winter,Ashoknagar,test,after-gtb-b27,100,0.86,mp_external_shards_v7_worker_1.json,five-class-19-band-v5-drop-summer,16,0,2,0,2,0,20,0,0,0,0,0,20,0,0,0,1,5,14,0,2,0,2,0,16
winter,Ashoknagar,test,after-knn,100,0.88,mp_external_shards_v7_worker_1.json,five-class-19-band-v5-drop-summer,18,0,1,0,1,0,20,0,0,0,0,0,20,0,0,0,0,6,14,0,1,1,2,0,16
winter,Ashoknagar,test,after-rf,100,0.86,mp_external_shards_v7_worker_1.json,five-class-19-band-v5-drop-summer,13,0,1,0,6,0,20,0,0,0,0,0,19,1,0,0,1,3,16,0,0,0,2,0,18
winter,Ashoknagar,test,after-svm,100,0.89,mp_external_shards_v7_worker_1.json,five-class-19-band-v5-drop-summer,17,0,2,0,1,0,20,0,0,0,0,0,20,0,0,0,1,5,14,0,0,0,2,0,18
winter,Balaghat,test,after-cart,100,0.78,mp_external_shards_v7_worker_2.json,five-class-19-band-v5-drop-summer,16,0,0,0,4,0,20,0,0,0,0,0,18,2,0,0,1,0,19,0,0,0,7,8,5
winter,Balaghat,test,after-gtb,100,0.77,mp_external_shards_v7_worker_2.json,five-class-19-band-v5-drop-summer,17,0,0,0,3,0,20,0,0,0,0,0,18,2,0,0,0,1,19,0,0,1,7,9,3
winter,Balaghat,test,after-gtb-b19,100,0.8,mp_external_shards_v7_worker_2.json,five-class-19-band-v5-drop-summer,17,0,0,0,3,0,20,0,0,0,0,0,19,1,0,0,0,0,20,0,0,1,5,10,4
winter,Balaghat,test,after-gtb-b22,100,0.79,mp_external_shards_v7_worker_2.json,five-class-19-band-v5-drop-summer,17,0,0,0,3,0,20,0,0,0,0,0,19,1,0,0,0,0,20,0,0,1,6,10,3
winter,Balaghat,test,after-gtb-b27,100,0.79,mp_external_shards_v7_worker_2.json,five-class-19-band-v5-drop-summer,17,0,0,0,3,0,20,0,0,0,0,0,19,1,0,0,0,0,20,0,0,1,7,9,3
winter,Balaghat,test,after-knn,100,0.79,mp_external_shards_v7_worker_2.json,five-class-19-band-v5-drop-summer,19,0,0,0,1,0,20,0,0,0,0,0,20,0,0,0,1,1,18,0,0,0,11,7,2
winter,Balaghat,test,after-rf,100,0.79,mp_external_shards_v7_worker_2.json,five-class-19-band-v5-drop-summer,17,0,0,0,3,0,20,0,0,0,0,0,18,2,0,0,0,0,20,0,0,1,7,8,4
winter,Balaghat,test,after-svm,100,0.82,mp_external_shards_v7_worker_2.json,five-class-19-band-v5-drop-summer,20,0,0,0,0,0,20,0,0,0,0,0,20,0,0,0,1,0,19,0,0,1,7,9,3
winter,Barwani,development,after-cart,100,0.7,mp_external_shards_v7_worker_3.json,five-class-19-band-v5-drop-summer,12,0,6,1,1,0,20,0,0,0,0,0,18,2,0,0,1,3,15,1,6,1,3,5,5
winter,Barwani,development,after-gtb,100,0.82,mp_external_shards_v7_worker_3.json,five-class-19-band-v5-drop-summer,17,0,0,1,2,0,20,0,0,0,0,0,20,0,0,0,0,4,16,0,1,0,5,5,9
winter,Barwani,development,after-gtb-b19,100,0.81,mp_external_shards_v7_worker_3.json,five-class-19-band-v5-drop-summer,17,0,0,1,2,0,20,0,0,0,0,0,20,0,0,0,0,4,15,1,1,0,5,5,9
winter,Barwani,development,after-gtb-b22,100,0.81,mp_external_shards_v7_worker_3.json,five-class-19-band-v5-drop-summer,16,0,0,1,3,0,20,0,0,0,0,0,20,0,0,0,0,5,15,0,0,0,5,5,10
winter,Barwani,development,after-gtb-b27,100,0.85,mp_external_shards_v7_worker_3.json,five-class-19-band-v5-drop-summer,17,0,1,1,1,0,20,0,0,0,0,0,20,0,0,0,0,3,17,0,0,0,4,5,11
winter,Barwani,development,after-knn,100,0.77,mp_external_shards_v7_worker_3.json,five-class-19-band-v5-drop-summer,14,0,1,0,5,0,20,0,0,0,0,0,20,0,0,0,0,5,15,0,3,0,4,5,8
winter,Barwani,development,after-rf,100,0.8,mp_external_shards_v7_worker_3.json,five-class-19-band-v5-drop-summer,15,0,1,0,4,0,20,0,0,0,0,0,20,0,0,0,0,4,16,0,1,0,5,5,9
winter,Barwani,development,after-svm,100,0.82,mp_external_shards_v7_worker_3.json,five-class-19-band-v5-drop-summer,16,0,2,0,2,0,20,0,0,0,0,0,20,0,0,0,0,4,16,0,2,0,3,5,10
winter,Betul,test,after-cart,100,0.82,mp_external_shards_v7_worker_0.json,five-class-19-band-v5-drop-summer,18,0,0,0,2,0,20,0,0,0,0,0,20,0,0,0,2,5,13,0,3,0,1,5,11
winter,Betul,test,after-gtb,100,0.83,mp_external_shards_v7_worker_0.json,five-class-19-band-v5-drop-summer,17,0,0,0,3,0,20,0,0,0,0,0,20,0,0,0,1,6,13,0,4,0,0,3,13
winter,Betul,test,after-gtb-b19,100,0.82,mp_external_shards_v7_worker_0.json,five-class-19-band-v5-drop-summer,16,0,1,0,3,0,20,0,0,0,0,0,20,0,0,0,1,6,12,1,3,0,0,3,14
winter,Betul,test,after-gtb-b22,100,0.81,mp_external_shards_v7_worker_0.json,five-class-19-band-v5-drop-summer,16,0,0,0,4,0,20,0,0,0,0,0,20,0,0,0,1,8,11,0,3,0,0,3,14
winter,Betul,test,after-gtb-b27,100,0.79,mp_external_shards_v7_worker_0.json,five-class-19-band-v5-drop-summer,15,0,0,0,5,0,20,0,0,0,0,0,20,0,0,0,1,8,11,0,4,0,0,3,13
winter,Betul,test,after-knn,100,0.82,mp_external_shards_v7_worker_0.json,five-class-19-band-v5-drop-summer,18,0,0,0,2,0,20,0,0,0,0,0,20,0,0,0,1,7,12,0,3,0,2,3,12
winter,Betul,test,after-rf,100,0.8,mp_external_shards_v7_worker_0.json,five-class-19-band-v5-drop-summer,16,0,0,0,4,0,20,0,0,0,0,0,20,0,0,0,2,8,10,0,2,0,1,3,14
winter,Betul,test,after-svm,100,0.85,mp_external_shards_v7_worker_0.json,five-class-19-band-v5-drop-summer,18,0,0,0,2,0,20,0,0,0,0,0,20,0,0,0,0,7,13,0,2,0,1,3,14
winter,Bhind,test,after-cart,100,0.89,mp_external_shards_v7_worker_1.json,five-class-19-band-v5-drop-summer,16,0,0,0,4,0,20,0,0,0,0,0,18,2,0,0,0,0,19,1,2,0,0,2,16
winter,Bhind,test,after-gtb,100,0.95,mp_external_shards_v7_worker_1.json,five-class-19-band-v5-drop-summer,20,0,0,0,0,0,20,0,0,0,0,0,20,0,0,0,0,0,20,0,1,1,2,1,15
winter,Bhind,test,after-gtb-b19,100,0.96,mp_external_shards_v7_worker_1.json,five-class-19-band-v5-drop-summer,19,0,0,0,1,0,20,0,0,0,0,0,20,0,0,0,0,0,20,0,0,0,2,1,17
winter,Bhind,test,after-gtb-b22,100,0.94,mp_external_shards_v7_worker_1.json,five-class-19-band-v5-drop-summer,19,0,0,0,1,0,20,0,0,0,0,0,20,0,0,0,0,0,20,0,0,2,2,1,15
winter,Bhind,test,after-gtb-b27,100,0.96,mp_external_shards_v7_worker_1.json,five-class-19-band-v5-drop-summer,19,0,0,0,1,0,20,0,0,0,0,0,20,0,0,0,0,0,20,0,0,0,2,1,17
winter,Bhind,test,after-knn,100,0.95,mp_external_shards_v7_worker_1.json,five-class-19-band-v5-drop-summer,20,0,0,0,0,0,20,0,0,0,0,0,20,0,0,0,1,0,19,0,1,0,2,1,16
winter,Bhind,test,after-rf,100,0.95,mp_external_shards_v7_worker_1.json,five-class-19-band-v5-drop-summer,19,0,0,0,1,0,20,0,0,0,0,0,20,0,0,0,0,0,20,0,1,0,2,1,16
winter,Bhind,test,after-svm,100,0.96,mp_external_shards_v7_worker_1.json,five-class-19-band-v5-drop-summer,19,0,0,0,1,0,20,0,0,0,0,0,20,0,0,0,0,0,20,0,0,0,2,1,17
winter,Bhopal,test,after-cart,100,0.82,mp_external_shards_v7_worker_2.json,five-class-19-band-v5-drop-summer,16,1,0,0,3,0,20,0,0,0,0,0,20,0,0,0,0,7,13,0,3,0,2,2,13
winter,Bhopal,test,after-gtb,100,0.88,mp_external_shards_v7_worker_2.json,five-class-19-band-v5-drop-summer,19,0,0,0,1,0,20,0,0,0,0,0,20,0,0,0,0,5,14,1,1,0,2,2,15
winter,Bhopal,test,after-gtb-b19,100,0.83,mp_external_shards_v7_worker_2.json,five-class-19-band-v5-drop-summer,19,0,0,0,1,0,20,0,0,0,0,0,20,0,0,0,1,9,8,2,1,0,2,1,16
winter,Bhopal,test,after-gtb-b22,100,0.87,mp_external_shards_v7_worker_2.json,five-class-19-band-v5-drop-summer,19,0,0,0,1,0,20,0,0,0,0,0,20,0,0,0,0,6,12,2,1,0,2,1,16
winter,Bhopal,test,after-gtb-b27,100,0.85,mp_external_shards_v7_worker_2.json,five-class-19-band-v5-drop-summer,19,0,0,0,1,0,20,0,0,0,0,0,20,0,0,0,0,8,10,2,1,0,2,1,16
winter,Bhopal,test,after-knn,100,0.86,mp_external_shards_v7_worker_2.json,five-class-19-band-v5-drop-summer,20,0,0,0,0,0,20,0,0,0,0,0,20,0,0,0,0,9,11,0,2,0,2,1,15
winter,Bhopal,test,after-rf,100,0.9,mp_external_shards_v7_worker_2.json,five-class-19-band-v5-drop-summer,19,0,0,0,1,0,20,0,0,0,0,0,20,0,0,0,0,4,16,0,1,0,2,2,15
winter,Bhopal,test,after-svm,100,0.84,mp_external_shards_v7_worker_2.json,five-class-19-band-v5-drop-summer,19,0,0,0,1,0,20,0,0,0,0,0,20,0,0,0,0,10,10,0,2,0,1,2,15
winter,Burhanpur,test,after-cart,100,0.84,mp_external_shards_v7_worker_3.json,five-class-19-band-v5-drop-summer,17,0,2,0,1,0,20,0,0,0,0,0,19,1,0,0,1,1,15,3,3,2,1,1,13
winter,Burhanpur,test,after-gtb,100,0.86,mp_external_shards_v7_worker_3.json,five-class-19-band-v5-drop-summer,19,0,0,0,1,0,20,0,0,0,0,0,19,1,0,0,1,3,15,1,1,1,3,2,13
winter,Burhanpur,test,after-gtb-b19,100,0.83,mp_external_shards_v7_worker_3.json,five-class-19-band-v5-drop-summer,18,0,0,0,2,0,20,0,0,0,0,0,20,0,0,0,2,4,12,2,1,1,3,2,13
winter,Burhanpur,test,after-gtb-b22,100,0.87,mp_external_shards_v7_worker_3.json,five-class-19-band-v5-drop-summer,19,0,0,0,1,0,20,0,0,0,0,0,20,0,0,0,1,4,15,0,2,1,2,2,13
winter,Burhanpur,test,after-gtb-b27,100,0.86,mp_external_shards_v7_worker_3.json,five-class-19-band-v5-drop-summer,18,0,0,0,2,0,20,0,0,0,0,0,20,0,0,0,1,6,13,0,1,1,2,1,15
winter,Burhanpur,test,after-knn,100,0.83,mp_external_shards_v7_worker_3.json,five-class-19-band-v5-drop-summer,18,1,0,0,1,0,20,0,0,0,0,0,19,1,0,0,1,6,13,0,1,1,3,2,13
winter,Burhanpur,test,after-rf,100,0.88,mp_external_shards_v7_worker_3.json,five-class-19-band-v5-drop-summer,19,1,0,0,0,0,20,0,0,0,0,0,19,1,0,0,1,2,16,1,2,1,2,1,14
winter,Burhanpur,test,after-svm,100,0.86,mp_external_shards_v7_worker_3.json,five-class-19-band-v5-drop-summer,18,0,0,0,2,0,20,0,0,0,0,0,20,0,0,0,1,4,14,1,2,1,1,2,14
winter,Chhatarpur,test,after-cart,100,0.74,mp_external_shards_v7_worker_0.json,five-class-19-band-v5-drop-summer,14,0,1,0,5,0,20,0,0,0,0,0,18,1,1,0,0,9,10,1,1,1,2,4,12
winter,Chhatarpur,test,after-gtb,100,0.86,mp_external_shards_v7_worker_0.json,five-class-19-band-v5-drop-summer,16,0,0,0,4,0,20,0,0,0,0,0,20,0,0,0,0,5,15,0,0,0,2,3,15
winter,Chhatarpur,test,after-gtb-b19,100,0.85,mp_external_shards_v7_worker_0.json,five-class-19-band-v5-drop-summer,17,0,0,0,3,0,20,0,0,0,0,0,20,0,0,0,0,7,13,0,0,0,2,3,15
winter,Chhatarpur,test,after-gtb-b22,100,0.83,mp_external_shards_v7_worker_0.json,five-class-19-band-v5-drop-summer,16,0,0,0,4,0,20,0,0,0,0,0,20,0,0,0,0,7,13,0,0,0,3,3,14
winter,Chhatarpur,test,after-gtb-b27,100,0.82,mp_external_shards_v7_worker_0.json,five-class-19-band-v5-drop-summer,15,0,1,0,4,0,20,0,0,0,0,0,20,0,0,0,0,8,12,0,0,0,2,3,15
winter,Chhatarpur,test,after-knn,100,0.81,mp_external_shards_v7_worker_0.json,five-class-19-band-v5-drop-summer,18,0,0,0,2,0,20,0,0,0,0,0,20,0,0,0,1,9,9,1,1,0,3,2,14
winter,Chhatarpur,test,after-rf,100,0.89,mp_external_shards_v7_worker_0.json,five-class-19-band-v5-drop-summer,16,0,0,0,4,0,20,0,0,0,0,0,19,1,0,0,0,2,18,0,0,0,1,3,16
winter,Chhatarpur,test,after-svm,100,0.81,mp_external_shards_v7_worker_0.json,five-class-19-band-v5-drop-summer,17,0,1,0,2,0,20,0,0,0,0,0,20,0,0,0,0,11,9,0,0,0,2,3,15
winter,Chhindwara,test,after-cart,100,0.78,mp_external_shards_v7_worker_1.json,five-class-19-band-v5-drop-summer,14,1,0,0,5,0,20,0,0,0,0,0,17,3,0,0,0,3,15,2,2,0,1,5,12
winter,Chhindwara,test,after-gtb,100,0.82,mp_external_shards_v7_worker_1.json,five-class-19-band-v5-drop-summer,17,0,0,0,3,0,20,0,0,0,0,0,19,1,0,0,0,6,14,0,1,0,1,6,12
winter,Chhindwara,test,after-gtb-b19,100,0.83,mp_external_shards_v7_worker_1.json,five-class-19-band-v5-drop-summer,17,0,0,0,3,0,20,0,0,0,0,0,20,0,0,0,0,6,14,0,1,0,1,6,12
winter,Chhindwara,test,after-gtb-b22,100,0.83,mp_external_shards_v7_worker_1.json,five-class-19-band-v5-drop-summer,17,0,0,0,3,0,20,0,0,0,0,0,20,0,0,0,0,6,14,0,1,0,1,6,12
winter,Chhindwara,test,after-gtb-b27,100,0.83,mp_external_shards_v7_worker_1.json,five-class-19-band-v5-drop-summer,17,0,0,0,3,0,20,0,0,0,0,0,20,0,0,0,0,6,14,0,1,0,1,6,12
winter,Chhindwara,test,after-knn,100,0.81,mp_external_shards_v7_worker_1.json,five-class-19-band-v5-drop-summer,17,0,0,0,3,0,20,0,0,0,0,1,19,0,0,0,0,7,13,0,1,0,2,5,12
winter,Chhindwara,test,after-rf,100,0.82,mp_external_shards_v7_worker_1.json,five-class-19-band-v5-drop-summer,17,0,0,0,3,0,20,0,0,0,0,0,19,1,0,0,0,6,14,0,1,0,2,5,12
winter,Chhindwara,test,after-svm,100,0.83,mp_external_shards_v7_worker_1.json,five-class-19-band-v5-drop-summer,18,0,0,0,2,0,20,0,0,0,0,0,19,1,0,0,0,6,14,0,1,0,1,6,12
winter,Damoh,development,after-cart,100,0.83,mp_external_shards_v7_worker_2.json,five-class-19-band-v5-drop-summer,12,2,3,0,3,0,20,0,0,0,0,0,20,0,0,0,1,2,17,0,2,0,0,4,14
winter,Damoh,development,after-gtb,100,0.85,mp_external_shards_v7_worker_2.json,five-class-19-band-v5-drop-summer,15,1,1,0,3,0,20,0,0,0,0,0,20,0,0,0,0,4,16,0,1,1,1,3,14
winter,Damoh,development,after-gtb-b19,100,0.85,mp_external_shards_v7_worker_2.json,five-class-19-band-v5-drop-summer,16,0,1,0,3,0,20,0,0,0,0,0,20,0,0,0,0,4,16,0,1,2,1,3,13
winter,Damoh,development,after-gtb-b22,100,0.87,mp_external_shards_v7_worker_2.json,five-class-19-band-v5-drop-summer,15,1,0,0,4,0,20,0,0,0,0,0,20,0,0,0,0,3,17,0,1,0,0,4,15
winter,Damoh,development,after-gtb-b27,100,0.85,mp_external_shards_v7_worker_2.json,five-class-19-band-v5-drop-summer,14,1,1,0,4,0,20,0,0,0,0,0,20,0,0,0,0,3,17,0,1,1,0,4,14
winter,Damoh,development,after-knn,100,0.85,mp_external_shards_v7_worker_2.json,five-class-19-band-v5-drop-summer,15,1,2,0,2,0,20,0,0,0,0,0,20,0,0,0,0,4,16,0,1,0,3,2,14
winter,Damoh,development,after-rf,100,0.87,mp_external_shards_v7_worker_2.json,five-class-19-band-v5-drop-summer,15,1,1,0,3,0,20,0,0,0,0,0,19,1,0,0,0,2,18,0,1,0,1,3,15
winter,Damoh,development,after-svm,100,0.89,mp_external_shards_v7_worker_2.json,five-class-19-band-v5-drop-summer,18,0,2,0,0,0,20,0,0,0,0,0,20,0,0,0,0,4,16,0,1,0,1,3,15
winter,Datia,test,after-cart,100,0.92,mp_external_shards_v7_worker_3.json,five-class-19-band-v5-drop-summer,14,0,1,0,5,0,20,0,0,0,0,0,20,0,0,0,0,0,20,0,2,0,0,0,18
winter,Datia,test,after-gtb,100,0.96,mp_external_shards_v7_worker_3.json,five-class-19-band-v5-drop-summer,17,0,0,0,3,0,20,0,0,0,0,0,20,0,0,0,0,0,20,0,1,0,0,0,19
winter,Datia,test,after-gtb-b19,100,0.92,mp_external_shards_v7_worker_3.json,five-class-19-band-v5-drop-summer,15,0,0,0,5,0,20,0,0,0,0,0,20,0,0,0,0,1,19,0,2,0,0,0,18
winter,Datia,test,after-gtb-b22,100,0.93,mp_external_shards_v7_worker_3.json,five-class-19-band-v5-drop-summer,14,0,0,0,6,0,20,0,0,0,0,0,20,0,0,0,0,0,20,0,1,0,0,0,19
winter,Datia,test,after-gtb-b27,100,0.94,mp_external_shards_v7_worker_3.json,five-class-19-band-v5-drop-summer,15,0,0,0,5,0,20,0,0,0,0,0,20,0,0,0,0,0,20,0,1,0,0,0,19
winter,Datia,test,after-knn,100,0.95,mp_external_shards_v7_worker_3.json,five-class-19-band-v5-drop-summer,20,0,0,0,0,0,20,0,0,0,0,0,20,0,0,0,1,3,16,0,1,0,0,0,19
winter,Datia,test,after-rf,100,0.95,mp_external_shards_v7_worker_3.json,five-class-19-band-v5-drop-summer,16,0,0,0,4,0,20,0,0,0,0,0,20,0,0,0,0,0,20,0,1,0,0,0,19
winter,Datia,test,after-svm,100,0.97,mp_external_shards_v7_worker_3.json,five-class-19-band-v5-drop-summer,18,0,0,0,2,0,20,0,0,0,0,0,20,0,0,0,0,0,20,0,1,0,0,0,19
winter,Dewas,test,after-cart,100,0.78,mp_external_shards_v7_worker_0.json,five-class-19-band-v5-drop-summer,18,1,0,0,1,0,20,0,0,0,0,0,19,1,0,0,3,9,6,2,1,0,2,2,15
winter,Dewas,test,after-gtb,100,0.87,mp_external_shards_v7_worker_0.json,five-class-19-band-v5-drop-summer,18,0,0,0,2,0,20,0,0,0,0,0,20,0,0,0,0,8,12,0,0,0,1,2,17
winter,Dewas,test,after-gtb-b19,100,0.83,mp_external_shards_v7_worker_0.json,five-class-19-band-v5-drop-summer,17,1,0,0,2,0,20,0,0,0,0,0,20,0,0,0,1,10,9,0,0,0,1,2,17
winter,Dewas,test,after-gtb-b22,100,0.84,mp_external_shards_v7_worker_0.json,five-class-19-band-v5-drop-summer,18,1,0,0,1,0,20,0,0,0,0,0,20,0,0,0,0,10,10,0,0,0,2,2,16
winter,Dewas,test,after-gtb-b27,100,0.82,mp_external_shards_v7_worker_0.json,five-class-19-band-v5-drop-summer,18,1,0,0,1,0,20,0,0,0,0,0,20,0,0,0,1,11,8,0,0,0,2,2,16
winter,Dewas,test,after-knn,100,0.86,mp_external_shards_v7_worker_0.json,five-class-19-band-v5-drop-summer,19,0,0,0,1,0,20,0,0,0,0,0,20,0,0,0,0,9,11,0,0,1,1,2,16
winter,Dewas,test,after-rf,100,0.85,mp_external_shards_v7_worker_0.json,five-class-19-band-v5-drop-summer,18,1,0,0,1,0,20,0,0,0,0,0,20,0,0,0,1,9,10,0,0,0,1,2,17
winter,Dewas,test,after-svm,100,0.82,mp_external_shards_v7_worker_0.json,five-class-19-band-v5-drop-summer,17,0,0,0,3,0,20,0,0,0,0,0,20,0,0,0,0,12,8,0,0,0,1,2,17
winter,Dhar,test,after-cart,100,0.78,mp_external_shards_v7_worker_1.json,five-class-19-band-v5-drop-summer,13,0,1,0,6,0,20,0,0,0,0,0,18,1,1,0,3,4,11,2,0,0,3,1,16
winter,Dhar,test,after-gtb,100,0.88,mp_external_shards_v7_worker_1.json,five-class-19-band-v5-drop-summer,17,0,0,0,3,0,20,0,0,0,0,0,20,0,0,0,0,5,15,0,0,1,1,2,16
winter,Dhar,test,after-gtb-b19,100,0.85,mp_external_shards_v7_worker_1.json,five-class-19-band-v5-drop-summer,16,0,0,0,4,0,20,0,0,0,0,0,20,0,0,0,0,7,13,0,0,1,2,1,16
winter,Dhar,test,after-gtb-b22,100,0.85,mp_external_shards_v7_worker_1.json,five-class-19-band-v5-drop-summer,16,0,0,0,4,0,20,0,0,0,0,0,20,0,0,0,0,7,13,0,0,1,2,1,16
winter,Dhar,test,after-gtb-b27,100,0.87,mp_external_shards_v7_worker_1.json,five-class-19-band-v5-drop-summer,16,0,0,0,4,0,20,0,0,0,0,0,20,0,0,0,0,5,15,0,0,1,2,1,16
winter,Dhar,test,after-knn,100,0.81,mp_external_shards_v7_worker_1.json,five-class-19-band-v5-drop-summer,16,0,0,0,4,0,20,0,0,0,0,1,19,0,0,0,0,8,12,0,2,0,3,1,14
winter,Dhar,test,after-rf,100,0.83,mp_external_shards_v7_worker_1.json,five-class-19-band-v5-drop-summer,15,0,0,0,5,0,20,0,0,0,0,0,19,1,0,0,0,7,13,0,0,1,2,1,16
winter,Dhar,test,after-svm,100,0.85,mp_external_shards_v7_worker_1.json,five-class-19-band-v5-drop-summer,18,0,0,0,2,0,20,0,0,0,0,0,20,0,0,0,1,7,12,0,0,1,2,2,15
winter,Dindori,training-withheld,after-cart,100,0.76,mp_external_shards_v7_worker_2.json,five-class-19-band-v5-drop-summer,16,0,0,0,4,0,20,0,0,0,0,0,19,1,0,0,0,0,20,0,2,2,5,10,1
winter,Dindori,training-withheld,after-gtb,100,0.84,mp_external_shards_v7_worker_2.json,five-class-19-band-v5-drop-summer,19,0,0,0,1,0,20,0,0,0,0,0,20,0,0,0,0,2,18,0,1,0,3,9,7
winter,Dindori,training-withheld,after-gtb-b19,100,0.84,mp_external_shards_v7_worker_2.json,five-class-19-band-v5-drop-summer,19,0,0,0,1,0,20,0,0,0,0,0,20,0,0,0,0,2,18,0,2,0,3,8,7
winter,Dindori,training-withheld,after-gtb-b22,100,0.85,mp_external_shards_v7_worker_2.json,five-class-19-band-v5-drop-summer,19,0,0,0,1,0,20,0,0,0,0,0,20,0,0,0,0,1,19,0,1,0,3,9,7
winter,Dindori,training-withheld,after-gtb-b27,100,0.87,mp_external_shards_v7_worker_2.json,five-class-19-band-v5-drop-summer,19,0,0,0,1,0,20,0,0,0,0,0,20,0,0,0,0,1,19,0,0,0,2,9,9
winter,Dindori,training-withheld,after-knn,100,0.8,mp_external_shards_v7_worker_2.json,five-class-19-band-v5-drop-summer,19,0,0,0,1,0,20,0,0,0,0,0,20,0,0,0,0,3,17,0,4,0,7,5,4
winter,Dindori,training-withheld,after-rf,100,0.83,mp_external_shards_v7_worker_2.json,five-class-19-band-v5-drop-summer,19,0,0,0,1,0,20,0,0,0,0,0,20,0,0,0,0,3,17,0,0,0,6,7,7
winter,Dindori,training-withheld,after-svm,100,0.84,mp_external_shards_v7_worker_2.json,five-class-19-band-v5-drop-summer,19,0,0,0,1,0,20,0,0,0,0,0,20,0,0,0,0,2,18,0,0,0,5,8,7
winter,East Nimar,test,after-cart,100,0.79,mp_external_shards_v7_worker_3.json,five-class-19-band-v5-drop-summer,16,0,2,1,1,0,20,0,0,0,0,0,18,2,0,0,4,2,14,0,3,4,0,2,11
winter,East Nimar,test,after-gtb,100,0.88,mp_external_shards_v7_worker_3.json,five-class-19-band-v5-drop-summer,20,0,0,0,0,0,20,0,0,0,0,0,19,1,0,0,1,3,16,0,0,3,2,2,13
winter,East Nimar,test,after-gtb-b19,100,0.85,mp_external_shards_v7_worker_3.json,five-class-19-band-v5-drop-summer,19,0,0,0,1,0,20,0,0,0,0,0,20,0,0,0,2,4,14,0,0,4,2,2,12
winter,East Nimar,test,after-gtb-b22,100,0.86,mp_external_shards_v7_worker_3.json,five-class-19-band-v5-drop-summer,19,0,0,0,1,0,20,0,0,0,0,0,20,0,0,0,2,3,15,0,0,3,3,2,12
winter,East Nimar,test,after-gtb-b27,100,0.87,mp_external_shards_v7_worker_3.json,five-class-19-band-v5-drop-summer,19,0,0,0,1,0,20,0,0,0,0,0,20,0,0,0,2,3,15,0,1,3,1,2,13
winter,East Nimar,test,after-knn,100,0.83,mp_external_shards_v7_worker_3.json,five-class-19-band-v5-drop-summer,18,0,0,0,2,0,20,0,0,0,0,0,19,1,0,0,1,5,14,0,1,2,2,3,12
winter,East Nimar,test,after-rf,100,0.81,mp_external_shards_v7_worker_3.json,five-class-19-band-v5-drop-summer,15,0,0,0,5,0,20,0,0,0,0,0,19,1,0,0,1,5,14,0,1,3,1,2,13
winter,East Nimar,test,after-svm,100,0.88,mp_external_shards_v7_worker_3.json,five-class-19-band-v5-drop-summer,20,0,0,0,0,0,20,0,0,0,0,0,20,0,0,0,2,4,14,0,1,2,0,3,14
winter,Guna,test,after-cart,100,0.81,mp_external_shards_v7_worker_0.json,five-class-19-band-v5-drop-summer,14,0,1,0,5,0,20,0,0,0,0,0,19,0,1,0,1,6,13,0,3,0,1,1,15
winter,Guna,test,after-gtb,100,0.91,mp_external_shards_v7_worker_0.json,five-class-19-band-v5-drop-summer,19,0,0,0,1,0,20,0,0,0,0,0,20,0,0,0,0,6,14,0,1,0,1,0,18
winter,Guna,test,after-gtb-b19,100,0.9,mp_external_shards_v7_worker_0.json,five-class-19-band-v5-drop-summer,20,0,0,0,0,0,20,0,0,0,0,0,20,0,0,0,0,8,12,0,1,1,0,0,18
winter,Guna,test,after-gtb-b22,100,0.91,mp_external_shards_v7_worker_0.json,five-class-19-band-v5-drop-summer,20,0,0,0,0,0,20,0,0,0,0,0,20,0,0,0,0,7,13,0,1,0,1,0,18
winter,Guna,test,after-gtb-b27,100,0.88,mp_external_shards_v7_worker_0.json,five-class-19-band-v5-drop-summer,19,0,0,0,1,0,20,0,0,0,0,0,20,0,0,0,0,8,12,0,2,0,1,0,17
winter,Guna,test,after-knn,100,0.88,mp_external_shards_v7_worker_0.json,five-class-19-band-v5-drop-summer,19,0,0,0,1,0,20,0,0,0,0,0,20,0,0,0,1,8,11,0,1,0,1,0,18
winter,Guna,test,after-rf,100,0.88,mp_external_shards_v7_worker_0.json,five-class-19-band-v5-drop-summer,16,0,0,0,4,0,20,0,0,0,0,0,20,0,0,0,0,6,14,0,1,0,1,0,18
winter,Guna,test,after-svm,100,0.9,mp_external_shards_v7_worker_0.json,five-class-19-band-v5-drop-summer,20,0,0,0,0,0,20,0,0,0,0,0,20,0,0,0,1,7,12,0,1,0,1,0,18
winter,Gwalior,test,after-cart,100,0.8,mp_external_shards_v7_worker_1.json,five-class-19-band-v5-drop-summer,15,0,0,0,5,0,20,0,0,0,0,0,18,2,0,0,1,10,9,0,2,0,0,0,18
winter,Gwalior,test,after-gtb,100,0.86,mp_external_shards_v7_worker_1.json,five-class-19-band-v5-drop-summer,19,0,0,0,1,0,20,0,0,0,0,0,20,0,0,0,1,12,7,0,0,0,0,0,20
winter,Gwalior,test,after-gtb-b19,100,0.82,mp_external_shards_v7_worker_1.json,five-class-19-band-v5-drop-summer,17,0,0,0,3,0,20,0,0,0,0,0,20,0,0,0,1,13,5,1,0,0,0,0,20
winter,Gwalior,test,after-gtb-b22,100,0.82,mp_external_shards_v7_worker_1.json,five-class-19-band-v5-drop-summer,18,0,0,0,2,0,20,0,0,0,0,0,20,0,0,0,1,13,5,1,1,0,0,0,19
winter,Gwalior,test,after-gtb-b27,100,0.85,mp_external_shards_v7_worker_1.json,five-class-19-band-v5-drop-summer,18,0,0,0,2,0,20,0,0,0,0,0,20,0,0,0,1,11,7,1,0,0,0,0,20
winter,Gwalior,test,after-knn,100,0.82,mp_external_shards_v7_worker_1.json,five-class-19-band-v5-drop-summer,19,0,0,0,1,0,20,0,0,0,0,0,20,0,0,0,5,10,5,0,2,0,0,0,18
winter,Gwalior,test,after-rf,100,0.86,mp_external_shards_v7_worker_1.json,five-class-19-band-v5-drop-summer,17,0,0,0,3,0,20,0,0,0,0,0,19,1,0,0,1,9,10,0,0,0,0,0,20
winter,Gwalior,test,after-svm,100,0.89,mp_external_shards_v7_worker_1.json,five-class-19-band-v5-drop-summer,19,0,0,0,1,0,20,0,0,0,0,0,20,0,0,0,1,9,10,0,0,0,0,0,20
winter,Harda,development,after-cart,100,0.82,mp_external_shards_v7_worker_2.json,five-class-19-band-v5-drop-summer,15,1,4,0,0,0,20,0,0,0,0,0,19,1,0,0,0,6,13,1,2,0,1,2,15
winter,Harda,development,after-gtb,100,0.82,mp_external_shards_v7_worker_2.json,five-class-19-band-v5-drop-summer,17,2,1,0,0,0,20,0,0,0,0,0,20,0,0,0,0,10,9,1,1,0,1,2,16
winter,Harda,development,after-gtb-b19,100,0.85,mp_external_shards_v7_worker_2.json,five-class-19-band-v5-drop-summer,20,0,0,0,0,0,20,0,0,0,0,0,20,0,0,0,0,9,10,1,1,1,1,2,15
winter,Harda,development,after-gtb-b22,100,0.82,mp_external_shards_v7_worker_2.json,five-class-19-band-v5-drop-summer,18,1,1,0,0,0,20,0,0,0,0,0,20,0,0,0,0,11,9,0,1,1,1,2,15
winter,Harda,development,after-gtb-b27,100,0.81,mp_external_shards_v7_worker_2.json,five-class-19-band-v5-drop-summer,17,2,1,0,0,0,20,0,0,0,0,0,20,0,0,0,0,11,9,0,1,1,1,2,15
winter,Harda,development,after-knn,100,0.82,mp_external_shards_v7_worker_2.json,five-class-19-band-v5-drop-summer,17,2,1,0,0,0,20,0,0,0,0,0,20,0,0,0,0,9,11,0,2,0,2,2,14
winter,Harda,development,after-rf,100,0.83,mp_external_shards_v7_worker_2.json,five-class-19-band-v5-drop-summer,16,2,2,0,0,0,20,0,0,0,0,0,20,0,0,0,0,9,11,0,1,0,1,2,16
winter,Harda,development,after-svm,100,0.84,mp_external_shards_v7_worker_2.json,five-class-19-band-v5-drop-summer,19,0,1,0,0,0,20,0,0,0,0,0,20,0,0,0,0,9,11,0,2,1,1,2,14
winter,Hoshangabad,development,after-cart,100,0.9,mp_external_shards_v7_worker_3.json,five-class-19-band-v5-drop-summer,14,0,0,0,6,0,20,0,0,0,0,0,20,0,0,0,0,1,19,0,1,0,1,1,17
winter,Hoshangabad,development,after-gtb,100,0.96,mp_external_shards_v7_worker_3.json,five-class-19-band-v5-drop-summer,19,0,0,0,1,0,20,0,0,0,0,0,20,0,0,0,0,1,19,0,1,0,1,0,18
winter,Hoshangabad,development,after-gtb-b19,100,0.94,mp_external_shards_v7_worker_3.json,five-class-19-band-v5-drop-summer,19,0,0,0,1,0,20,0,0,0,0,0,20,0,0,0,0,1,19,0,2,1,1,0,16
winter,Hoshangabad,development,after-gtb-b22,100,0.96,mp_external_shards_v7_worker_3.json,five-class-19-band-v5-drop-summer,19,0,0,0,1,0,20,0,0,0,0,0,20,0,0,0,0,1,19,0,1,0,1,0,18
winter,Hoshangabad,development,after-gtb-b27,100,0.95,mp_external_shards_v7_worker_3.json,five-class-19-band-v5-drop-summer,19,0,0,0,1,0,20,0,0,0,0,0,20,0,0,0,0,1,19,0,1,0,2,0,17
winter,Hoshangabad,development,after-knn,100,0.93,mp_external_shards_v7_worker_3.json,five-class-19-band-v5-drop-summer,18,0,0,0,2,0,20,0,0,0,0,1,19,0,0,0,0,2,18,0,0,0,2,0,18
winter,Hoshangabad,development,after-rf,100,0.94,mp_external_shards_v7_worker_3.json,five-class-19-band-v5-drop-summer,18,0,0,0,2,0,20,0,0,0,0,0,20,0,0,0,0,1,19,0,0,1,2,0,17
winter,Hoshangabad,development,after-svm,100,0.96,mp_external_shards_v7_worker_3.json,five-class-19-band-v5-drop-summer,20,0,0,0,0,0,20,0,0,0,0,0,20,0,0,0,0,1,19,0,0,1,2,0,17
winter,Indore,test,after-cart,100,0.78,mp_external_shards_v7_worker_0.json,five-class-19-band-v5-drop-summer,17,0,0,0,3,0,20,0,0,0,1,0,18,0,1,0,4,5,9,2,1,2,2,1,14
winter,Indore,test,after-gtb,100,0.94,mp_external_shards_v7_worker_0.json,five-class-19-band-v5-drop-summer,20,0,0,0,0,0,20,0,0,0,0,0,20,0,0,0,0,4,16,0,0,1,1,0,18
winter,Indore,test,after-gtb-b19,100,0.92,mp_external_shards_v7_worker_0.json,five-class-19-band-v5-drop-summer,19,0,0,0,1,0,20,0,0,0,0,0,20,0,0,0,0,4,16,0,0,1,2,0,17
winter,Indore,test,after-gtb-b22,100,0.93,mp_external_shards_v7_worker_0.json,five-class-19-band-v5-drop-summer,20,0,0,0,0,0,20,0,0,0,0,0,20,0,0,0,0,5,15,0,0,1,1,0,18
winter,Indore,test,after-gtb-b27,100,0.92,mp_external_shards_v7_worker_0.json,five-class-19-band-v5-drop-summer,20,0,0,0,0,0,20,0,0,0,0,0,20,0,0,0,1,5,14,0,0,1,1,0,18
winter,Indore,test,after-knn,100,0.89,mp_external_shards_v7_worker_0.json,five-class-19-band-v5-drop-summer,18,0,0,0,2,0,20,0,0,0,0,0,20,0,0,0,2,4,14,0,0,0,3,0,17
winter,Indore,test,after-rf,100,0.9,mp_external_shards_v7_worker_0.json,five-class-19-band-v5-drop-summer,19,0,0,0,1,0,20,0,0,0,0,0,20,0,0,0,1,4,15,0,0,1,3,0,16
winter,Indore,test,after-svm,100,0.89,mp_external_shards_v7_worker_0.json,five-class-19-band-v5-drop-summer,20,0,0,0,0,0,20,0,0,0,0,0,20,0,0,0,1,8,10,1,0,0,1,0,19
winter,Jabalpur,training-withheld,after-cart,88,0.784091,mp_external_shards_v7_worker_1.json,five-class-19-band-v5-drop-summer,16,0,0,0,3,0,19,0,0,0,0,0,18,0,0,0,3,4,5,1,1,0,4,3,11
winter,Jabalpur,training-withheld,after-gtb,88,0.852273,mp_external_shards_v7_worker_1.json,five-class-19-band-v5-drop-summer,18,0,0,0,1,0,19,0,0,0,0,0,17,1,0,0,0,5,8,0,1,0,3,2,13
winter,Jabalpur,training-withheld,after-gtb-b19,88,0.863636,mp_external_shards_v7_worker_1.json,five-class-19-band-v5-drop-summer,18,0,0,0,1,0,19,0,0,0,0,0,18,0,0,0,0,5,8,0,1,0,3,2,13
winter,Jabalpur,training-withheld,after-gtb-b22,88,0.818182,mp_external_shards_v7_worker_1.json,five-class-19-band-v5-drop-summer,18,0,0,0,1,0,19,0,0,0,1,0,16,1,0,0,0,5,7,1,2,0,3,2,12
winter,Jabalpur,training-withheld,after-gtb-b27,88,0.829545,mp_external_shards_v7_worker_1.json,five-class-19-band-v5-drop-summer,18,0,0,0,1,0,19,0,0,0,0,0,17,1,0,0,0,5,6,2,1,0,3,2,13
winter,Jabalpur,training-withheld,after-knn,88,0.840909,mp_external_shards_v7_worker_1.json,five-class-19-band-v5-drop-summer,18,0,0,0,1,0,19,0,0,0,0,0,18,0,0,0,1,3,9,0,2,0,5,2,10
winter,Jabalpur,training-withheld,after-rf,88,0.875,mp_external_shards_v7_worker_1.json,five-class-19-band-v5-drop-summer,18,0,0,0,1,0,19,0,0,0,0,0,17,1,0,0,0,2,11,0,1,0,3,3,12
winter,Jabalpur,training-withheld,after-svm,88,0.829545,mp_external_shards_v7_worker_1.json,five-class-19-band-v5-drop-summer,19,0,0,0,0,0,19,0,0,0,0,0,18,0,0,0,0,8,5,0,1,1,2,3,12
winter,Jhabua,development,after-cart,100,0.66,mp_external_shards_v7_worker_2.json,five-class-19-band-v5-drop-summer,17,0,0,1,2,0,20,0,0,0,0,0,19,1,0,0,3,9,7,1,6,0,6,5,3
winter,Jhabua,development,after-gtb,100,0.76,mp_external_shards_v7_worker_2.json,five-class-19-band-v5-drop-summer,19,0,0,0,1,0,20,0,0,0,0,0,19,1,0,0,0,8,12,0,3,0,6,5,6
winter,Jhabua,development,after-gtb-b19,100,0.81,mp_external_shards_v7_worker_2.json,five-class-19-band-v5-drop-summer,19,0,0,0,1,0,20,0,0,0,0,0,20,0,0,0,1,6,13,0,3,0,3,5,9
winter,Jhabua,development,after-gtb-b22,100,0.79,mp_external_shards_v7_worker_2.json,five-class-19-band-v5-drop-summer,19,0,0,0,1,0,20,0,0,0,0,0,20,0,0,0,1,8,11,0,3,0,3,5,9
winter,Jhabua,development,after-gtb-b27,100,0.82,mp_external_shards_v7_worker_2.json,five-class-19-band-v5-drop-summer,20,0,0,0,0,0,20,0,0,0,0,0,20,0,0,0,0,7,13,0,3,0,3,5,9
winter,Jhabua,development,after-knn,100,0.72,mp_external_shards_v7_worker_2.json,five-class-19-band-v5-drop-summer,18,0,0,0,2,0,20,0,0,0,0,0,20,0,0,0,2,12,6,0,3,0,6,3,8
winter,Jhabua,development,after-rf,100,0.77,mp_external_shards_v7_worker_2.json,five-class-19-band-v5-drop-summer,19,0,0,0,1,0,20,0,0,0,0,0,19,1,0,0,0,9,11,0,2,0,6,4,8
winter,Jhabua,development,after-svm,100,0.74,mp_external_shards_v7_worker_2.json,five-class-19-band-v5-drop-summer,19,0,0,0,1,0,20,0,0,0,0,0,19,1,0,0,1,9,10,0,4,0,6,4,6
winter,Katni,training-withheld,after-cart,99,0.878788,mp_external_shards_v7_worker_3.json,five-class-19-band-v5-drop-summer,17,0,0,0,3,0,20,0,0,0,0,0,19,0,0,0,1,4,14,1,1,0,0,2,17
winter,Katni,training-withheld,after-gtb,99,0.919192,mp_external_shards_v7_worker_3.json,five-class-19-band-v5-drop-summer,18,0,0,0,2,0,20,0,0,0,0,0,19,0,0,0,0,3,17,0,1,0,1,1,17
winter,Katni,training-withheld,after-gtb-b19,99,0.89899,mp_external_shards_v7_worker_3.json,five-class-19-band-v5-drop-summer,18,0,0,0,2,0,20,0,0,0,0,0,18,1,0,0,0,4,16,0,1,0,1,1,17
winter,Katni,training-withheld,after-gtb-b22,99,0.909091,mp_external_shards_v7_worker_3.json,five-class-19-band-v5-drop-summer,18,0,0,0,2,0,20,0,0,0,0,0,19,0,0,0,0,4,16,0,1,0,1,1,17
winter,Katni,training-withheld,after-gtb-b27,99,0.919192,mp_external_shards_v7_worker_3.json,five-class-19-band-v5-drop-summer,19,0,0,0,1,0,20,0,0,0,0,0,19,0,0,0,0,4,16,0,1,0,1,1,17
winter,Katni,training-withheld,after-knn,99,0.878788,mp_external_shards_v7_worker_3.json,five-class-19-band-v5-drop-summer,17,0,0,0,3,0,20,0,0,0,0,0,19,0,0,0,0,6,14,0,1,1,0,1,17
winter,Katni,training-withheld,after-rf,99,0.929293,mp_external_shards_v7_worker_3.json,five-class-19-band-v5-drop-summer,18,0,0,0,2,0,20,0,0,0,0,0,19,0,0,0,0,2,18,0,1,0,1,1,17
winter,Katni,training-withheld,after-svm,99,0.919192,mp_external_shards_v7_worker_3.json,five-class-19-band-v5-drop-summer,18,0,0,0,2,0,20,0,0,0,0,0,19,0,0,0,0,4,16,0,1,0,0,1,18
winter,Mandla,training-withheld,after-cart,100,0.8,mp_external_shards_v7_worker_0.json,five-class-19-band-v5-drop-summer,17,0,1,0,2,0,20,0,0,0,0,0,20,0,0,0,0,3,17,0,2,0,4,8,6
winter,Mandla,training-withheld,after-gtb,100,0.82,mp_external_shards_v7_worker_0.json,five-class-19-band-v5-drop-summer,18,0,1,0,1,0,20,0,0,0,0,0,20,0,0,0,0,2,18,0,1,1,4,8,6
winter,Mandla,training-withheld,after-gtb-b19,100,0.82,mp_external_shards_v7_worker_0.json,five-class-19-band-v5-drop-summer,18,1,0,0,1,0,20,0,0,0,0,0,20,0,0,0,0,3,17,0,0,1,4,8,7
winter,Mandla,training-withheld,after-gtb-b22,100,0.81,mp_external_shards_v7_worker_0.json,five-class-19-band-v5-drop-summer,18,0,0,0,2,0,20,0,0,0,0,0,20,0,0,0,0,5,15,0,0,1,3,8,8
winter,Mandla,training-withheld,after-gtb-b27,100,0.83,mp_external_shards_v7_worker_0.json,five-class-19-band-v5-drop-summer,18,0,1,0,1,0,20,0,0,0,0,0,20,0,0,0,0,4,16,0,1,0,2,8,9
winter,Mandla,training-withheld,after-knn,100,0.79,mp_external_shards_v7_worker_0.json,five-class-19-band-v5-drop-summer,18,0,1,0,1,0,20,0,0,0,0,0,20,0,0,0,1,4,15,0,3,0,3,8,6
winter,Mandla,training-withheld,after-rf,100,0.8,mp_external_shards_v7_worker_0.json,five-class-19-band-v5-drop-summer,18,0,1,0,1,0,20,0,0,0,0,0,20,0,0,0,0,4,16,0,2,0,3,9,6
winter,Mandla,training-withheld,after-svm,100,0.81,mp_external_shards_v7_worker_0.json,five-class-19-band-v5-drop-summer,17,0,1,0,2,0,20,0,0,0,0,0,20,0,0,0,0,3,17,0,1,0,4,8,7
winter,Mandsaur,development,after-cart,100,0.87,mp_external_shards_v7_worker_1.json,five-class-19-band-v5-drop-summer,17,0,0,0,3,0,20,0,0,0,0,0,18,2,0,0,1,4,15,0,0,1,2,0,17
winter,Mandsaur,development,after-gtb,100,0.96,mp_external_shards_v7_worker_1.json,five-class-19-band-v5-drop-summer,20,0,0,0,0,0,20,0,0,0,0,0,19,1,0,0,0,0,20,0,0,2,1,0,17
winter,Mandsaur,development,after-gtb-b19,100,0.95,mp_external_shards_v7_worker_1.json,five-class-19-band-v5-drop-summer,20,0,0,0,0,0,20,0,0,0,0,0,20,0,0,0,0,1,18,1,0,2,1,0,17
winter,Mandsaur,development,after-gtb-b22,100,0.96,mp_external_shards_v7_worker_1.json,five-class-19-band-v5-drop-summer,20,0,0,0,0,0,20,0,0,0,0,0,20,0,0,0,0,0,19,1,0,2,1,0,17
winter,Mandsaur,development,after-gtb-b27,100,0.93,mp_external_shards_v7_worker_1.json,five-class-19-band-v5-drop-summer,20,0,0,0,0,0,20,0,0,0,0,0,19,1,0,0,0,2,17,1,0,2,1,0,17
winter,Mandsaur,development,after-knn,100,0.93,mp_external_shards_v7_worker_1.json,five-class-19-band-v5-drop-summer,20,0,0,0,0,0,20,0,0,0,0,0,20,0,0,0,1,2,17,0,0,1,3,0,16
winter,Mandsaur,development,after-rf,100,0.94,mp_external_shards_v7_worker_1.json,five-class-19-band-v5-drop-summer,19,0,0,0,1,0,20,0,0,0,0,0,19,1,0,0,0,1,19,0,0,2,1,0,17
winter,Mandsaur,development,after-svm,100,0.97,mp_external_shards_v7_worker_1.json,five-class-19-band-v5-drop-summer,20,0,0,0,0,0,20,0,0,0,0,0,20,0,0,0,0,1,19,0,0,1,1,0,18
winter,Morena,test,after-cart,100,0.94,mp_external_shards_v7_worker_2.json,five-class-19-band-v5-drop-summer,18,0,0,0,2,0,20,0,0,0,0,0,19,0,1,0,0,2,18,0,0,0,1,0,19
winter,Morena,test,after-gtb,100,0.97,mp_external_shards_v7_worker_2.json,five-class-19-band-v5-drop-summer,20,0,0,0,0,0,20,0,0,0,0,0,20,0,0,0,0,1,19,0,1,0,1,0,18
winter,Morena,test,after-gtb-b19,100,0.97,mp_external_shards_v7_worker_2.json,five-class-19-band-v5-drop-summer,20,0,0,0,0,0,20,0,0,0,0,0,20,0,0,0,0,1,19,0,0,0,2,0,18
winter,Morena,test,after-gtb-b22,100,0.97,mp_external_shards_v7_worker_2.json,five-class-19-band-v5-drop-summer,20,0,0,0,0,0,20,0,0,0,0,0,20,0,0,0,0,1,19,0,0,0,2,0,18
winter,Morena,test,after-gtb-b27,100,0.97,mp_external_shards_v7_worker_2.json,five-class-19-band-v5-drop-summer,20,0,0,0,0,0,20,0,0,0,0,0,20,0,0,0,0,1,19,0,1,0,1,0,18
winter,Morena,test,after-knn,100,0.98,mp_external_shards_v7_worker_2.json,five-class-19-band-v5-drop-summer,20,0,0,0,0,0,20,0,0,0,0,0,20,0,0,0,0,1,19,0,0,0,1,0,19
winter,Morena,test,after-rf,100,0.99,mp_external_shards_v7_worker_2.json,five-class-19-band-v5-drop-summer,20,0,0,0,0,0,20,0,0,0,0,0,20,0,0,0,0,0,20,0,0,0,1,0,19
winter,Morena,test,after-svm,100,0.98,mp_external_shards_v7_worker_2.json,five-class-19-band-v5-drop-summer,20,0,0,0,0,0,20,0,0,0,0,0,20,0,0,0,0,1,19,0,0,0,1,0,19
winter,Narsinghpur,test,after-cart,100,0.86,mp_external_shards_v7_worker_3.json,five-class-19-band-v5-drop-summer,19,1,0,0,0,0,20,0,0,0,0,0,18,2,0,0,0,3,17,0,5,1,0,2,12
winter,Narsinghpur,test,after-gtb,100,0.95,mp_external_shards_v7_worker_3.json,five-class-19-band-v5-drop-summer,18,0,0,0,2,0,20,0,0,0,0,0,20,0,0,0,0,1,19,0,0,0,1,1,18
winter,Narsinghpur,test,after-gtb-b19,100,0.9,mp_external_shards_v7_worker_3.json,five-class-19-band-v5-drop-summer,17,0,0,0,3,0,20,0,0,0,0,0,20,0,0,0,0,3,16,1,1,0,1,1,17
winter,Narsinghpur,test,after-gtb-b22,100,0.93,mp_external_shards_v7_worker_3.json,five-class-19-band-v5-drop-summer,17,0,0,0,3,0,20,0,0,0,0,0,20,0,0,0,0,1,19,0,1,0,1,1,17
winter,Narsinghpur,test,after-gtb-b27,100,0.94,mp_external_shards_v7_worker_3.json,five-class-19-band-v5-drop-summer,17,0,0,0,3,0,20,0,0,0,0,0,20,0,0,0,0,1,19,0,0,0,1,1,18
winter,Narsinghpur,test,after-knn,100,0.9,mp_external_shards_v7_worker_3.json,five-class-19-band-v5-drop-summer,18,0,0,0,2,0,20,0,0,0,0,0,19,1,0,0,1,2,17,0,1,1,1,1,16
winter,Narsinghpur,test,after-rf,100,0.92,mp_external_shards_v7_worker_3.json,five-class-19-band-v5-drop-summer,17,0,0,0,3,0,20,0,0,0,0,0,19,1,0,0,1,1,18,0,0,0,1,1,18
winter,Narsinghpur,test,after-svm,100,0.93,mp_external_shards_v7_worker_3.json,five-class-19-band-v5-drop-summer,17,0,0,0,3,0,20,0,0,0,0,0,20,0,0,0,1,1,18,0,0,0,1,1,18
winter,Neemuch,development,after-cart,100,0.83,mp_external_shards_v7_worker_0.json,five-class-19-band-v5-drop-summer,16,0,2,0,2,0,20,0,0,0,0,0,19,1,0,0,1,7,12,0,0,0,1,3,16
winter,Neemuch,development,after-gtb,100,0.9,mp_external_shards_v7_worker_0.json,five-class-19-band-v5-drop-summer,19,1,0,0,0,0,20,0,0,0,0,0,20,0,0,0,0,6,14,0,0,1,0,2,17
winter,Neemuch,development,after-gtb-b19,100,0.86,mp_external_shards_v7_worker_0.json,five-class-19-band-v5-drop-summer,18,1,0,0,1,0,20,0,0,0,0,0,20,0,0,0,1,8,11,0,0,0,1,2,17
winter,Neemuch,development,after-gtb-b22,100,0.88,mp_external_shards_v7_worker_0.json,five-class-19-band-v5-drop-summer,18,1,0,0,1,0,20,0,0,0,0,0,20,0,0,0,1,5,14,0,0,1,1,2,16
winter,Neemuch,development,after-gtb-b27,100,0.88,mp_external_shards_v7_worker_0.json,five-class-19-band-v5-drop-summer,18,1,0,0,1,0,20,0,0,0,0,0,20,0,0,0,1,6,13,0,0,0,1,2,17
winter,Neemuch,development,after-knn,100,0.84,mp_external_shards_v7_worker_0.json,five-class-19-band-v5-drop-summer,18,1,0,0,1,0,20,0,0,0,0,0,20,0,0,0,1,8,11,0,0,2,1,2,15
winter,Neemuch,development,after-rf,100,0.86,mp_external_shards_v7_worker_0.json,five-class-19-band-v5-drop-summer,18,1,0,0,1,0,20,0,0,0,0,0,20,0,0,0,1,7,12,0,0,1,1,2,16
winter,Neemuch,development,after-svm,100,0.87,mp_external_shards_v7_worker_0.json,five-class-19-band-v5-drop-summer,19,0,0,0,1,0,20,0,0,0,0,0,20,0,0,0,1,8,11,0,0,1,0,2,17
winter,Panna,test,after-cart,100,0.86,mp_external_shards_v7_worker_1.json,five-class-19-band-v5-drop-summer,16,0,1,0,3,0,20,0,0,0,0,0,19,1,0,0,0,2,17,1,1,0,2,3,14
winter,Panna,test,after-gtb,100,0.92,mp_external_shards_v7_worker_1.json,five-class-19-band-v5-drop-summer,19,0,0,0,1,0,20,0,0,0,0,0,20,0,0,0,0,3,17,0,1,0,3,0,16
winter,Panna,test,after-gtb-b19,100,0.92,mp_external_shards_v7_worker_1.json,five-class-19-band-v5-drop-summer,19,0,0,0,1,0,20,0,0,0,0,0,20,0,0,0,0,2,18,0,1,0,3,1,15
winter,Panna,test,after-gtb-b22,100,0.9,mp_external_shards_v7_worker_1.json,five-class-19-band-v5-drop-summer,19,0,0,0,1,0,20,0,0,0,0,0,20,0,0,0,0,3,17,0,2,0,3,1,14
winter,Panna,test,after-gtb-b27,100,0.91,mp_external_shards_v7_worker_1.json,five-class-19-band-v5-drop-summer,19,0,0,0,1,0,20,0,0,0,0,0,20,0,0,0,0,3,17,0,2,0,3,0,15
winter,Panna,test,after-knn,100,0.87,mp_external_shards_v7_worker_1.json,five-class-19-band-v5-drop-summer,19,0,0,0,1,0,20,0,0,0,0,0,20,0,0,0,1,5,14,0,3,0,3,0,14
winter,Panna,test,after-rf,100,0.92,mp_external_shards_v7_worker_1.json,five-class-19-band-v5-drop-summer,18,0,0,0,2,0,20,0,0,0,0,0,20,0,0,0,0,2,18,0,0,0,4,0,16
winter,Panna,test,after-svm,100,0.94,mp_external_shards_v7_worker_1.json,five-class-19-band-v5-drop-summer,19,0,0,0,1,0,20,0,0,0,0,0,20,0,0,0,0,1,19,0,1,0,3,0,16
winter,Raisen,test,after-cart,100,0.9,mp_external_shards_v7_worker_2.json,five-class-19-band-v5-drop-summer,18,0,1,0,1,0,20,0,0,0,0,1,18,1,0,0,1,0,19,0,3,0,1,1,15
winter,Raisen,test,after-gtb,100,0.99,mp_external_shards_v7_worker_2.json,five-class-19-band-v5-drop-summer,20,0,0,0,0,0,20,0,0,0,0,0,20,0,0,0,0,0,20,0,0,0,0,1,19
winter,Raisen,test,after-gtb-b19,100,0.97,mp_external_shards_v7_worker_2.json,five-class-19-band-v5-drop-summer,19,0,0,0,1,0,20,0,0,0,0,0,20,0,0,0,0,1,19,0,0,0,0,1,19
winter,Raisen,test,after-gtb-b22,100,0.97,mp_external_shards_v7_worker_2.json,five-class-19-band-v5-drop-summer,20,0,0,0,0,0,20,0,0,0,0,0,20,0,0,0,0,1,19,0,0,0,1,1,18
winter,Raisen,test,after-gtb-b27,100,0.96,mp_external_shards_v7_worker_2.json,five-class-19-band-v5-drop-summer,20,0,0,0,0,0,20,0,0,0,0,0,20,0,0,0,0,2,18,0,0,0,1,1,18
winter,Raisen,test,after-knn,100,0.97,mp_external_shards_v7_worker_2.json,five-class-19-band-v5-drop-summer,20,0,0,0,0,0,20,0,0,0,0,0,20,0,0,0,0,1,19,0,1,0,0,1,18
winter,Raisen,test,after-rf,100,0.98,mp_external_shards_v7_worker_2.json,five-class-19-band-v5-drop-summer,20,0,0,0,0,0,20,0,0,0,0,0,20,0,0,0,0,1,19,0,0,0,0,1,19
winter,Raisen,test,after-svm,100,0.97,mp_external_shards_v7_worker_2.json,five-class-19-band-v5-drop-summer,20,0,0,0,0,0,20,0,0,0,0,0,20,0,0,0,0,2,18,0,0,0,0,1,19
winter,Rajgarh,development,after-cart,100,0.86,mp_external_shards_v7_worker_3.json,five-class-19-band-v5-drop-summer,18,0,0,0,2,0,20,0,0,0,0,0,17,3,0,0,4,2,14,0,1,1,0,1,17
winter,Rajgarh,development,after-gtb,100,0.88,mp_external_shards_v7_worker_3.json,five-class-19-band-v5-drop-summer,17,1,0,0,2,0,20,0,0,0,0,0,20,0,0,0,0,8,12,0,0,0,1,0,19
winter,Rajgarh,development,after-gtb-b19,100,0.87,mp_external_shards_v7_worker_3.json,five-class-19-band-v5-drop-summer,17,1,0,0,2,0,20,0,0,0,0,0,20,0,0,0,0,8,11,1,0,0,1,0,19
winter,Rajgarh,development,after-gtb-b22,100,0.88,mp_external_shards_v7_worker_3.json,five-class-19-band-v5-drop-summer,17,1,0,0,2,0,20,0,0,0,0,0,20,0,0,0,0,8,12,0,0,0,0,1,19
winter,Rajgarh,development,after-gtb-b27,100,0.85,mp_external_shards_v7_worker_3.json,five-class-19-band-v5-drop-summer,17,1,0,0,2,0,20,0,0,0,0,0,20,0,0,0,0,10,10,0,0,1,0,1,18
winter,Rajgarh,development,after-knn,100,0.88,mp_external_shards_v7_worker_3.json,five-class-19-band-v5-drop-summer,18,0,1,0,1,0,20,0,0,0,0,0,20,0,0,0,0,7,12,1,1,0,1,0,18
winter,Rajgarh,development,after-rf,100,0.85,mp_external_shards_v7_worker_3.json,five-class-19-band-v5-drop-summer,16,1,0,0,3,0,20,0,0,0,0,0,19,1,0,0,0,9,11,0,0,0,0,1,19
winter,Rajgarh,development,after-svm,100,0.86,mp_external_shards_v7_worker_3.json,five-class-19-band-v5-drop-summer,18,0,0,0,2,0,20,0,0,0,0,0,20,0,0,0,0,10,10,0,0,0,2,0,18
winter,Ratlam,test,after-cart,100,0.72,mp_external_shards_v7_worker_0.json,five-class-19-band-v5-drop-summer,11,0,4,1,4,0,20,0,0,0,0,0,18,2,0,0,1,9,8,2,3,1,1,0,15
winter,Ratlam,test,after-gtb,100,0.88,mp_external_shards_v7_worker_0.json,five-class-19-band-v5-drop-summer,18,0,0,0,2,0,20,0,0,0,0,0,20,0,0,0,0,6,12,2,1,0,1,0,18
winter,Ratlam,test,after-gtb-b19,100,0.83,mp_external_shards_v7_worker_0.json,five-class-19-band-v5-drop-summer,17,0,0,0,3,0,20,0,0,0,0,0,20,0,0,0,0,10,8,2,1,0,1,0,18
winter,Ratlam,test,after-gtb-b22,100,0.83,mp_external_shards_v7_worker_0.json,five-class-19-band-v5-drop-summer,17,0,0,0,3,0,20,0,0,0,0,0,20,0,0,0,0,10,8,2,1,0,1,0,18
winter,Ratlam,test,after-gtb-b27,100,0.83,mp_external_shards_v7_worker_0.json,five-class-19-band-v5-drop-summer,17,0,0,0,3,0,20,0,0,0,0,0,20,0,0,0,1,10,8,1,1,0,1,0,18
winter,Ratlam,test,after-knn,100,0.8,mp_external_shards_v7_worker_0.json,five-class-19-band-v5-drop-summer,15,0,0,0,5,0,20,0,0,0,0,0,20,0,0,0,0,10,10,0,2,2,1,0,15
winter,Ratlam,test,after-rf,100,0.81,mp_external_shards_v7_worker_0.json,five-class-19-band-v5-drop-summer,12,1,0,0,7,0,20,0,0,0,0,0,20,0,0,0,0,9,11,0,1,0,1,0,18
winter,Ratlam,test,after-svm,100,0.84,mp_external_shards_v7_worker_0.json,five-class-19-band-v5-drop-summer,17,0,0,0,3,0,20,0,0,0,0,0,20,0,0,0,0,10,9,1,1,0,1,0,18
winter,Rewa,development,after-cart,100,0.78,mp_external_shards_v7_worker_1.json,five-class-19-band-v5-drop-summer,16,1,0,0,3,0,20,0,0,0,0,1,17,2,0,0,0,2,18,0,6,1,1,5,7
winter,Rewa,development,after-gtb,100,0.9,mp_external_shards_v7_worker_1.json,five-class-19-band-v5-drop-summer,19,0,0,0,1,0,20,0,0,0,0,0,20,0,0,0,0,2,18,0,0,2,1,4,13
winter,Rewa,development,after-gtb-b19,100,0.87,mp_external_shards_v7_worker_1.json,five-class-19-band-v5-drop-summer,18,0,0,0,2,0,20,0,0,0,0,0,20,0,0,0,0,3,17,0,0,2,2,4,12
winter,Rewa,development,after-gtb-b22,100,0.88,mp_external_shards_v7_worker_1.json,five-class-19-band-v5-drop-summer,19,0,0,0,1,0,20,0,0,0,0,0,20,0,0,0,0,3,17,0,0,2,2,4,12
winter,Rewa,development,after-gtb-b27,100,0.9,mp_external_shards_v7_worker_1.json,five-class-19-band-v5-drop-summer,19,0,0,0,1,0,20,0,0,0,0,0,20,0,0,0,0,2,18,0,0,2,1,4,13
winter,Rewa,development,after-knn,100,0.86,mp_external_shards_v7_worker_1.json,five-class-19-band-v5-drop-summer,19,0,0,0,1,0,20,0,0,0,0,0,20,0,0,0,1,3,16,0,2,1,2,4,11
winter,Rewa,development,after-rf,100,0.89,mp_external_shards_v7_worker_1.json,five-class-19-band-v5-drop-summer,19,0,0,0,1,0,20,0,0,0,0,0,20,0,0,0,0,2,18,0,0,3,1,4,12
winter,Rewa,development,after-svm,100,0.9,mp_external_shards_v7_worker_1.json,five-class-19-band-v5-drop-summer,19,0,0,0,1,0,20,0,0,0,0,0,20,0,0,0,0,3,17,0,0,2,0,4,14
winter,Sagar,test,after-cart,100,0.84,mp_external_shards_v7_worker_2.json,five-class-19-band-v5-drop-summer,17,1,0,0,2,0,20,0,0,0,0,0,18,1,1,0,2,5,11,2,1,0,0,1,18
winter,Sagar,test,after-gtb,100,0.92,mp_external_shards_v7_worker_2.json,five-class-19-band-v5-drop-summer,18,0,0,0,2,0,20,0,0,0,0,0,20,0,0,0,0,5,15,0,0,1,0,0,19
winter,Sagar,test,after-gtb-b19,100,0.91,mp_external_shards_v7_worker_2.json,five-class-19-band-v5-drop-summer,19,0,0,0,1,0,20,0,0,0,0,0,20,0,0,0,0,7,13,0,0,1,0,0,19
winter,Sagar,test,after-gtb-b22,100,0.89,mp_external_shards_v7_worker_2.json,five-class-19-band-v5-drop-summer,18,0,0,0,2,0,20,0,0,0,0,0,20,0,0,0,0,8,12,0,0,1,0,0,19
winter,Sagar,test,after-gtb-b27,100,0.89,mp_external_shards_v7_worker_2.json,five-class-19-band-v5-drop-summer,18,0,0,0,2,0,20,0,0,0,0,0,20,0,0,0,0,8,12,0,0,1,0,0,19
winter,Sagar,test,after-knn,100,0.88,mp_external_shards_v7_worker_2.json,five-class-19-band-v5-drop-summer,18,0,0,0,2,0,20,0,0,0,0,0,20,0,0,0,1,8,11,0,0,1,0,0,19
winter,Sagar,test,after-rf,100,0.93,mp_external_shards_v7_worker_2.json,five-class-19-band-v5-drop-summer,19,0,0,0,1,0,20,0,0,0,0,0,19,1,0,0,0,4,16,0,0,1,0,0,19
winter,Sagar,test,after-svm,100,0.9,mp_external_shards_v7_worker_2.json,five-class-19-band-v5-drop-summer,19,0,0,0,1,0,20,0,0,0,0,0,20,0,0,0,0,8,12,0,0,1,0,0,19
winter,Satna,test,after-cart,100,0.69,mp_external_shards_v7_worker_3.json,five-class-19-band-v5-drop-summer,12,0,4,0,4,0,20,0,0,0,0,0,18,2,0,0,0,8,11,1,8,0,3,1,8
winter,Satna,test,after-gtb,100,0.79,mp_external_shards_v7_worker_3.json,five-class-19-band-v5-drop-summer,13,0,2,0,5,0,20,0,0,0,0,0,20,0,0,0,0,7,13,0,1,0,4,2,13
winter,Satna,test,after-gtb-b19,100,0.77,mp_external_shards_v7_worker_3.json,five-class-19-band-v5-drop-summer,13,1,0,0,6,0,20,0,0,0,0,0,20,0,0,0,0,9,11,0,1,0,4,2,13
winter,Satna,test,after-gtb-b22,100,0.78,mp_external_shards_v7_worker_3.json,five-class-19-band-v5-drop-summer,12,0,1,0,7,0,20,0,0,0,0,0,20,0,0,0,0,8,12,0,1,0,3,2,14
winter,Satna,test,after-gtb-b27,100,0.75,mp_external_shards_v7_worker_3.json,five-class-19-band-v5-drop-summer,10,1,2,0,7,0,20,0,0,0,0,0,20,0,0,0,0,8,12,0,2,0,3,2,13
winter,Satna,test,after-knn,100,0.77,mp_external_shards_v7_worker_3.json,five-class-19-band-v5-drop-summer,11,0,1,0,8,0,20,0,0,0,0,0,20,0,0,0,0,8,12,0,1,0,3,2,14
winter,Satna,test,after-rf,100,0.79,mp_external_shards_v7_worker_3.json,five-class-19-band-v5-drop-summer,11,0,1,0,8,0,20,0,0,0,0,0,20,0,0,0,0,5,15,0,2,0,3,2,13
winter,Satna,test,after-svm,100,0.75,mp_external_shards_v7_worker_3.json,five-class-19-band-v5-drop-summer,10,0,2,0,8,0,20,0,0,0,0,0,20,0,0,0,0,9,11,0,1,0,3,2,14
winter,Sehore,development,after-cart,100,0.82,mp_external_shards_v7_worker_0.json,five-class-19-band-v5-drop-summer,15,0,3,0,2,0,20,0,0,0,0,0,18,2,0,0,0,3,17,0,3,0,0,5,12
winter,Sehore,development,after-gtb,100,0.92,mp_external_shards_v7_worker_0.json,five-class-19-band-v5-drop-summer,17,0,0,0,3,0,20,0,0,0,0,0,20,0,0,0,0,1,19,0,1,0,1,2,16
winter,Sehore,development,after-gtb-b19,100,0.88,mp_external_shards_v7_worker_0.json,five-class-19-band-v5-drop-summer,16,0,0,0,4,0,20,0,0,0,0,0,20,0,0,0,0,3,17,0,1,0,1,3,15
winter,Sehore,development,after-gtb-b22,100,0.91,mp_external_shards_v7_worker_0.json,five-class-19-band-v5-drop-summer,17,0,0,0,3,0,20,0,0,0,0,0,20,0,0,0,0,2,18,0,1,0,0,3,16
winter,Sehore,development,after-gtb-b27,100,0.92,mp_external_shards_v7_worker_0.json,five-class-19-band-v5-drop-summer,17,0,0,0,3,0,20,0,0,0,0,0,20,0,0,0,0,2,18,0,1,0,0,2,17
winter,Sehore,development,after-knn,100,0.93,mp_external_shards_v7_worker_0.json,five-class-19-band-v5-drop-summer,18,0,0,0,2,0,20,0,0,0,0,0,20,0,0,0,0,1,19,0,2,0,0,2,16
winter,Sehore,development,after-rf,100,0.86,mp_external_shards_v7_worker_0.json,five-class-19-band-v5-drop-summer,14,0,0,0,6,0,20,0,0,0,0,0,19,1,0,0,0,2,18,0,1,0,0,4,15
winter,Sehore,development,after-svm,100,0.87,mp_external_shards_v7_worker_0.json,five-class-19-band-v5-drop-summer,17,0,0,0,3,0,20,0,0,0,0,0,20,0,0,0,1,4,15,0,1,0,1,3,15
winter,Seoni,test,after-cart,100,0.78,mp_external_shards_v7_worker_1.json,five-class-19-band-v5-drop-summer,18,0,0,0,2,0,20,0,0,0,0,0,19,1,0,0,2,6,11,1,1,1,1,7,10
winter,Seoni,test,after-gtb,100,0.81,mp_external_shards_v7_worker_1.json,five-class-19-band-v5-drop-summer,19,0,0,0,1,0,20,0,0,0,0,0,19,1,0,0,1,9,10,0,0,0,2,5,13
winter,Seoni,test,after-gtb-b19,100,0.81,mp_external_shards_v7_worker_1.json,five-class-19-band-v5-drop-summer,19,0,0,0,1,0,20,0,0,0,0,0,20,0,0,0,1,9,9,1,0,0,2,5,13
winter,Seoni,test,after-gtb-b22,100,0.79,mp_external_shards_v7_worker_1.json,five-class-19-band-v5-drop-summer,19,0,0,0,1,0,20,0,0,0,0,0,20,0,0,0,1,12,7,0,0,0,2,5,13
winter,Seoni,test,after-gtb-b27,100,0.78,mp_external_shards_v7_worker_1.json,five-class-19-band-v5-drop-summer,19,0,0,0,1,0,20,0,0,0,0,0,20,0,0,0,1,13,6,0,0,0,2,5,13
winter,Seoni,test,after-knn,100,0.83,mp_external_shards_v7_worker_1.json,five-class-19-band-v5-drop-summer,19,0,0,0,1,0,20,0,0,0,0,0,20,0,0,0,0,8,12,0,0,0,5,3,12
winter,Seoni,test,after-rf,100,0.8,mp_external_shards_v7_worker_1.json,five-class-19-band-v5-drop-summer,19,0,0,0,1,0,20,0,0,0,0,0,17,3,0,0,1,7,12,0,0,1,2,5,12
winter,Seoni,test,after-svm,100,0.82,mp_external_shards_v7_worker_1.json,five-class-19-band-v5-drop-summer,19,0,0,0,1,0,20,0,0,0,0,0,20,0,0,0,0,9,11,0,0,0,4,4,12
winter,Shahdol,test,after-cart,100,0.74,mp_external_shards_v7_worker_2.json,five-class-19-band-v5-drop-summer,15,0,0,0,5,0,20,0,0,0,0,0,19,1,0,0,1,0,18,1,1,0,4,13,2
winter,Shahdol,test,after-gtb,100,0.8,mp_external_shards_v7_worker_2.json,five-class-19-band-v5-drop-summer,18,0,0,0,2,0,20,0,0,0,0,0,20,0,0,0,1,2,17,0,0,0,4,11,5
winter,Shahdol,test,after-gtb-b19,100,0.81,mp_external_shards_v7_worker_2.json,five-class-19-band-v5-drop-summer,18,0,0,0,2,0,20,0,0,0,0,0,20,0,0,0,1,0,19,0,0,0,4,12,4
winter,Shahdol,test,after-gtb-b22,100,0.77,mp_external_shards_v7_worker_2.json,five-class-19-band-v5-drop-summer,17,0,1,0,2,0,20,0,0,0,0,0,19,1,0,0,1,2,17,0,1,0,4,11,4
winter,Shahdol,test,after-gtb-b27,100,0.79,mp_external_shards_v7_worker_2.json,five-class-19-band-v5-drop-summer,18,0,1,0,1,0,20,0,0,0,0,0,20,0,0,0,1,2,17,0,0,0,5,11,4
winter,Shahdol,test,after-knn,100,0.77,mp_external_shards_v7_worker_2.json,five-class-19-band-v5-drop-summer,19,0,0,0,1,0,20,0,0,0,0,0,20,0,0,0,3,3,14,0,0,0,4,12,4
winter,Shahdol,test,after-rf,100,0.8,mp_external_shards_v7_worker_2.json,five-class-19-band-v5-drop-summer,18,0,0,0,2,0,20,0,0,0,0,0,20,0,0,0,1,2,17,0,0,0,4,11,5
winter,Shahdol,test,after-svm,100,0.8,mp_external_shards_v7_worker_2.json,five-class-19-band-v5-drop-summer,17,0,0,0,3,0,20,0,0,0,0,0,20,0,0,0,0,1,19,0,0,0,5,11,4
winter,Shajapur,development,after-cart,100,0.72,mp_external_shards_v7_worker_3.json,five-class-19-band-v5-drop-summer,5,1,0,0,14,0,20,0,0,0,0,0,18,2,0,0,0,3,15,2,3,0,2,1,14
winter,Shajapur,development,after-gtb,100,0.84,mp_external_shards_v7_worker_3.json,five-class-19-band-v5-drop-summer,12,0,0,0,8,0,20,0,0,0,0,0,20,0,0,0,0,5,15,0,0,1,2,0,17
winter,Shajapur,development,after-gtb-b19,100,0.78,mp_external_shards_v7_worker_3.json,five-class-19-band-v5-drop-summer,10,5,0,0,5,0,20,0,0,0,0,0,20,0,0,0,0,6,13,1,1,1,3,0,15
winter,Shajapur,development,after-gtb-b22,100,0.82,mp_external_shards_v7_worker_3.json,five-class-19-band-v5-drop-summer,11,3,0,0,6,0,20,0,0,0,0,0,20,0,0,0,0,6,14,0,1,0,2,0,17
winter,Shajapur,development,after-gtb-b27,100,0.84,mp_external_shards_v7_worker_3.json,five-class-19-band-v5-drop-summer,12,1,0,0,7,0,20,0,0,0,0,0,20,0,0,0,0,6,14,0,1,0,1,0,18
winter,Shajapur,development,after-knn,100,0.8,mp_external_shards_v7_worker_3.json,five-class-19-band-v5-drop-summer,13,0,0,0,7,0,20,0,0,0,0,0,20,0,0,0,0,8,12,0,0,1,4,0,15
winter,Shajapur,development,after-rf,100,0.83,mp_external_shards_v7_worker_3.json,five-class-19-band-v5-drop-summer,8,6,0,0,6,0,20,0,0,0,0,0,20,0,0,0,0,4,16,0,1,0,0,0,19
winter,Shajapur,development,after-svm,100,0.86,mp_external_shards_v7_worker_3.json,five-class-19-band-v5-drop-summer,17,0,0,0,3,0,20,0,0,0,0,0,20,0,0,0,1,7,12,0,0,1,2,0,17
winter,Sheopur,development,after-cart,100,0.86,mp_external_shards_v7_worker_0.json,five-class-19-band-v5-drop-summer,17,0,0,0,3,0,20,0,0,0,0,0,16,4,0,0,0,2,18,0,1,0,1,3,15
winter,Sheopur,development,after-gtb,100,0.91,mp_external_shards_v7_worker_0.json,five-class-19-band-v5-drop-summer,20,0,0,0,0,0,20,0,0,0,0,0,18,2,0,0,0,3,17,0,0,0,2,2,16
winter,Sheopur,development,after-gtb-b19,100,0.91,mp_external_shards_v7_worker_0.json,five-class-19-band-v5-drop-summer,19,0,1,0,0,0,20,0,0,0,0,0,19,1,0,0,0,3,17,0,0,0,3,1,16
winter,Sheopur,development,after-gtb-b22,100,0.89,mp_external_shards_v7_worker_0.json,five-class-19-band-v5-drop-summer,18,0,0,0,2,0,20,0,0,0,0,0,19,1,0,0,0,3,17,0,1,0,3,1,15
winter,Sheopur,development,after-gtb-b27,100,0.91,mp_external_shards_v7_worker_0.json,five-class-19-band-v5-drop-summer,19,0,0,0,1,0,20,0,0,0,0,0,19,1,0,0,0,2,18,0,1,0,3,1,15
winter,Sheopur,development,after-knn,100,0.89,mp_external_shards_v7_worker_0.json,five-class-19-band-v5-drop-summer,19,0,0,0,1,0,20,0,0,0,0,0,20,0,0,0,1,4,15,0,0,0,4,1,15
winter,Sheopur,development,after-rf,100,0.89,mp_external_shards_v7_worker_0.json,five-class-19-band-v5-drop-summer,18,0,0,0,2,0,20,0,0,0,0,0,17,3,0,0,0,2,18,0,0,0,2,2,16
winter,Sheopur,development,after-svm,100,0.9,mp_external_shards_v7_worker_0.json,five-class-19-band-v5-drop-summer,19,0,0,0,1,0,20,0,0,0,0,0,18,2,0,0,0,3,17,0,0,0,3,1,16
winter,Shivpuri,development,after-cart,100,0.78,mp_external_shards_v7_worker_1.json,five-class-19-band-v5-drop-summer,16,0,1,0,3,0,20,0,0,0,0,1,16,3,0,0,0,7,12,1,4,0,0,2,14
winter,Shivpuri,development,after-gtb,100,0.86,mp_external_shards_v7_worker_1.json,five-class-19-band-v5-drop-summer,16,1,1,0,2,0,20,0,0,0,0,0,20,0,0,0,0,7,13,0,1,0,0,2,17
winter,Shivpuri,development,after-gtb-b19,100,0.84,mp_external_shards_v7_worker_1.json,five-class-19-band-v5-drop-summer,17,0,1,0,2,0,20,0,0,0,0,0,19,1,0,0,0,6,14,0,2,0,2,2,14
winter,Shivpuri,development,after-gtb-b22,100,0.86,mp_external_shards_v7_worker_1.json,five-class-19-band-v5-drop-summer,17,0,1,0,2,0,20,0,0,0,0,0,20,0,0,0,0,7,13,0,1,0,1,2,16
winter,Shivpuri,development,after-gtb-b27,100,0.86,mp_external_shards_v7_worker_1.json,five-class-19-band-v5-drop-summer,17,0,1,0,2,0,20,0,0,0,0,1,19,0,0,0,0,5,15,0,2,0,1,2,15
winter,Shivpuri,development,after-knn,100,0.81,mp_external_shards_v7_worker_1.json,five-class-19-band-v5-drop-summer,16,0,0,0,4,0,20,0,0,0,0,0,20,0,0,0,0,10,10,0,2,0,1,2,15
winter,Shivpuri,development,after-rf,100,0.83,mp_external_shards_v7_worker_1.json,five-class-19-band-v5-drop-summer,16,1,0,0,3,0,20,0,0,0,0,1,19,0,0,0,0,8,12,0,1,0,1,2,16
winter,Shivpuri,development,after-svm,100,0.83,mp_external_shards_v7_worker_1.json,five-class-19-band-v5-drop-summer,15,0,1,0,4,0,20,0,0,0,0,1,19,0,0,0,0,7,13,0,2,0,1,1,16
winter,Sidhi,test,after-cart,100,0.78,mp_external_shards_v7_worker_2.json,five-class-19-band-v5-drop-summer,18,0,0,0,2,0,20,0,0,0,0,0,19,1,0,0,0,3,17,0,5,0,3,8,4
winter,Sidhi,test,after-gtb,100,0.85,mp_external_shards_v7_worker_2.json,five-class-19-band-v5-drop-summer,18,0,0,0,2,0,20,0,0,0,0,0,20,0,0,0,0,2,18,0,2,0,2,7,9
winter,Sidhi,test,after-gtb-b19,100,0.8,mp_external_shards_v7_worker_2.json,five-class-19-band-v5-drop-summer,17,0,0,0,3,0,19,0,1,0,0,0,20,0,0,0,0,5,15,0,2,0,2,7,9
winter,Sidhi,test,after-gtb-b22,100,0.82,mp_external_shards_v7_worker_2.json,five-class-19-band-v5-drop-summer,17,0,0,0,3,0,20,0,0,0,0,0,20,0,0,0,0,4,16,0,2,0,1,8,9
winter,Sidhi,test,after-gtb-b27,100,0.81,mp_external_shards_v7_worker_2.json,five-class-19-band-v5-drop-summer,17,0,0,0,3,0,20,0,0,0,0,0,20,0,0,0,0,5,15,0,2,0,1,8,9
winter,Sidhi,test,after-knn,100,0.83,mp_external_shards_v7_worker_2.json,five-class-19-band-v5-drop-summer,19,0,0,0,1,0,20,0,0,0,0,0,20,0,0,0,0,3,17,0,4,0,2,7,7
winter,Sidhi,test,after-rf,100,0.84,mp_external_shards_v7_worker_2.json,five-class-19-band-v5-drop-summer,17,0,0,0,3,0,20,0,0,0,0,0,20,0,0,0,0,2,18,0,2,0,2,7,9
winter,Sidhi,test,after-svm,100,0.82,mp_external_shards_v7_worker_2.json,five-class-19-band-v5-drop-summer,18,0,0,0,2,0,20,0,0,0,0,0,19,1,0,0,0,4,16,0,1,0,3,7,9
winter,Tikamgarh,development,after-cart,100,0.74,mp_external_shards_v7_worker_3.json,five-class-19-band-v5-drop-summer,13,0,5,0,2,0,20,0,0,0,0,0,18,2,0,0,0,14,6,0,1,0,1,1,17
winter,Tikamgarh,development,after-gtb,100,0.83,mp_external_shards_v7_worker_3.json,five-class-19-band-v5-drop-summer,14,1,2,0,3,0,20,0,0,0,0,0,20,0,0,0,0,7,13,0,0,0,4,0,16
winter,Tikamgarh,development,after-gtb-b19,100,0.8,mp_external_shards_v7_worker_3.json,five-class-19-band-v5-drop-summer,14,0,2,0,4,0,20,0,0,0,0,0,20,0,0,0,0,10,10,0,0,0,4,0,16
winter,Tikamgarh,development,after-gtb-b22,100,0.8,mp_external_shards_v7_worker_3.json,five-class-19-band-v5-drop-summer,13,1,2,0,4,0,20,0,0,0,0,0,20,0,0,0,0,9,11,0,0,1,3,0,16
winter,Tikamgarh,development,after-gtb-b27,100,0.79,mp_external_shards_v7_worker_3.json,five-class-19-band-v5-drop-summer,13,1,3,0,3,0,20,0,0,0,0,0,20,0,0,0,0,10,10,0,1,0,3,0,16
winter,Tikamgarh,development,after-knn,100,0.81,mp_external_shards_v7_worker_3.json,five-class-19-band-v5-drop-summer,15,1,0,0,4,0,20,0,0,0,0,0,20,0,0,0,1,10,9,0,1,0,2,0,17
winter,Tikamgarh,development,after-rf,100,0.86,mp_external_shards_v7_worker_3.json,five-class-19-band-v5-drop-summer,13,1,2,0,4,0,20,0,0,0,0,0,20,0,0,0,0,5,15,0,1,0,1,0,18
winter,Tikamgarh,development,after-svm,100,0.82,mp_external_shards_v7_worker_3.json,five-class-19-band-v5-drop-summer,14,0,1,0,5,0,20,0,0,0,0,0,20,0,0,0,0,10,10,0,0,1,1,0,18
winter,Ujjain,test,after-cart,100,0.77,mp_external_shards_v7_worker_0.json,five-class-19-band-v5-drop-summer,14,0,0,0,6,0,20,0,0,0,0,0,18,1,1,0,3,6,11,0,1,0,4,1,14
winter,Ujjain,test,after-gtb,100,0.83,mp_external_shards_v7_worker_0.json,five-class-19-band-v5-drop-summer,17,1,0,0,2,0,20,0,0,0,0,0,20,0,0,0,1,8,11,0,0,1,4,0,15
winter,Ujjain,test,after-gtb-b19,100,0.82,mp_external_shards_v7_worker_0.json,five-class-19-band-v5-drop-summer,17,1,0,0,2,0,20,0,0,0,0,0,20,0,0,0,2,8,10,0,0,1,3,1,15
winter,Ujjain,test,after-gtb-b22,100,0.83,mp_external_shards_v7_worker_0.json,five-class-19-band-v5-drop-summer,18,1,0,0,1,0,20,0,0,0,0,0,20,0,0,0,2,8,10,0,0,1,4,0,15
winter,Ujjain,test,after-gtb-b27,100,0.82,mp_external_shards_v7_worker_0.json,five-class-19-band-v5-drop-summer,17,1,0,0,2,0,20,0,0,0,0,0,20,0,0,0,1,9,10,0,0,1,4,0,15
winter,Ujjain,test,after-knn,100,0.87,mp_external_shards_v7_worker_0.json,five-class-19-band-v5-drop-summer,19,0,0,0,1,0,20,0,0,0,0,0,20,0,0,0,0,7,13,0,0,0,5,0,15
winter,Ujjain,test,after-rf,100,0.86,mp_external_shards_v7_worker_0.json,five-class-19-band-v5-drop-summer,17,1,0,0,2,0,20,0,0,0,0,0,20,0,0,0,2,4,14,0,0,1,3,1,15
winter,Ujjain,test,after-svm,100,0.85,mp_external_shards_v7_worker_0.json,five-class-19-band-v5-drop-summer,20,0,0,0,0,0,20,0,0,0,0,0,20,0,0,0,2,8,10,0,0,1,4,0,15
winter,Umaria,test,after-cart,100,0.76,mp_external_shards_v7_worker_1.json,five-class-19-band-v5-drop-summer,19,0,0,0,1,0,20,0,0,0,0,0,19,1,0,0,5,2,13,0,5,1,3,6,5
winter,Umaria,test,after-gtb,100,0.79,mp_external_shards_v7_worker_1.json,five-class-19-band-v5-drop-summer,20,0,0,0,0,0,20,0,0,0,0,0,18,2,0,0,2,4,14,0,4,1,3,5,7
winter,Umaria,test,after-gtb-b19,100,0.79,mp_external_shards_v7_worker_1.json,five-class-19-band-v5-drop-summer,20,0,0,0,0,0,20,0,0,0,0,0,19,1,0,0,2,5,12,1,3,1,2,6,8
winter,Umaria,test,after-gtb-b22,100,0.78,mp_external_shards_v7_worker_1.json,five-class-19-band-v5-drop-summer,20,0,0,0,0,0,20,0,0,0,0,0,19,1,0,0,2,6,12,0,4,1,3,5,7
winter,Umaria,test,after-gtb-b27,100,0.78,mp_external_shards_v7_worker_1.json,five-class-19-band-v5-drop-summer,20,0,0,0,0,0,20,0,0,0,0,0,19,1,0,0,2,6,11,1,3,1,3,5,8
winter,Umaria,test,after-knn,100,0.83,mp_external_shards_v7_worker_1.json,five-class-19-band-v5-drop-summer,20,0,0,0,0,0,20,0,0,0,0,0,20,0,0,0,0,4,15,1,3,1,5,3,8
winter,Umaria,test,after-rf,100,0.81,mp_external_shards_v7_worker_1.json,five-class-19-band-v5-drop-summer,20,0,0,0,0,0,20,0,0,0,0,0,18,2,0,0,3,3,14,0,2,1,3,5,9
winter,Umaria,test,after-svm,100,0.79,mp_external_shards_v7_worker_1.json,five-class-19-band-v5-drop-summer,19,0,0,0,1,0,20,0,0,0,0,0,20,0,0,0,4,4,12,0,2,1,3,6,8
winter,Vidisha,test,after-cart,100,0.86,mp_external_shards_v7_worker_2.json,five-class-19-band-v5-drop-summer,17,0,1,0,2,0,20,0,0,0,0,0,19,1,0,0,1,5,13,1,2,0,1,0,17
winter,Vidisha,test,after-gtb,100,0.93,mp_external_shards_v7_worker_2.json,five-class-19-band-v5-drop-summer,20,0,0,0,0,0,20,0,0,0,0,0,20,0,0,0,0,4,16,0,2,0,1,0,17
winter,Vidisha,test,after-gtb-b19,100,0.92,mp_external_shards_v7_worker_2.json,five-class-19-band-v5-drop-summer,19,0,0,0,1,0,20,0,0,0,0,0,20,0,0,0,0,5,15,0,1,0,1,0,18
winter,Vidisha,test,after-gtb-b22,100,0.93,mp_external_shards_v7_worker_2.json,five-class-19-band-v5-drop-summer,19,0,0,0,1,0,20,0,0,0,0,0,20,0,0,0,0,4,16,0,1,0,1,0,18
winter,Vidisha,test,after-gtb-b27,100,0.93,mp_external_shards_v7_worker_2.json,five-class-19-band-v5-drop-summer,19,0,0,0,1,0,20,0,0,0,0,0,20,0,0,0,0,4,16,0,1,0,1,0,18
winter,Vidisha,test,after-knn,100,0.9,mp_external_shards_v7_worker_2.json,five-class-19-band-v5-drop-summer,20,0,0,0,0,0,20,0,0,0,0,0,20,0,0,0,0,8,12,0,1,0,1,0,18
winter,Vidisha,test,after-rf,100,0.9,mp_external_shards_v7_worker_2.json,five-class-19-band-v5-drop-summer,18,0,0,0,2,0,20,0,0,0,0,0,20,0,0,0,0,6,14,0,1,0,1,0,18
winter,Vidisha,test,after-svm,100,0.86,mp_external_shards_v7_worker_2.json,five-class-19-band-v5-drop-summer,19,0,0,0,1,0,20,0,0,0,0,0,20,0,0,0,1,10,9,0,1,0,1,0,18
winter,West Nimar,development,after-cart,100,0.7,mp_external_shards_v7_worker_3.json,five-class-19-band-v5-drop-summer,10,0,0,0,10,0,20,0,0,0,0,0,20,0,0,0,1,2,13,4,7,1,1,4,7
winter,West Nimar,development,after-gtb,100,0.86,mp_external_shards_v7_worker_3.json,five-class-19-band-v5-drop-summer,16,0,0,0,4,0,20,0,0,0,0,0,20,0,0,0,0,3,16,1,2,0,1,3,14
winter,West Nimar,development,after-gtb-b19,100,0.84,mp_external_shards_v7_worker_3.json,five-class-19-band-v5-drop-summer,16,2,0,0,2,0,20,0,0,0,0,0,20,0,0,0,0,3,15,2,2,0,2,3,13
winter,West Nimar,development,after-gtb-b22,100,0.86,mp_external_shards_v7_worker_3.json,five-class-19-band-v5-drop-summer,17,0,0,0,3,0,20,0,0,0,0,0,20,0,0,0,0,3,15,2,2,0,1,3,14
winter,West Nimar,development,after-gtb-b27,100,0.88,mp_external_shards_v7_worker_3.json,five-class-19-band-v5-drop-summer,18,0,0,0,2,0,20,0,0,0,0,0,20,0,0,0,0,3,16,1,2,0,1,3,14
winter,West Nimar,development,after-knn,100,0.83,mp_external_shards_v7_worker_3.json,five-class-19-band-v5-drop-summer,16,0,0,0,4,0,20,0,0,0,0,0,20,0,0,0,0,4,16,0,5,0,1,3,11
winter,West Nimar,development,after-rf,100,0.8,mp_external_shards_v7_worker_3.json,five-class-19-band-v5-drop-summer,12,1,0,0,7,0,20,0,0,0,0,0,19,1,0,0,0,3,17,0,3,0,2,3,12
winter,West Nimar,development,after-svm,100,0.85,mp_external_shards_v7_worker_3.json,five-class-19-band-v5-drop-summer,18,0,0,0,2,0,20,0,0,0,0,0,20,0,0,0,0,7,12,1,2,0,0,3,15
