{
  "type": "FeatureCollection",
  "columns": {
    "ADM0_CODE": "Integer",
    "ADM0_NAME": "String",
    "ADM1_CODE": "Integer",
    "ADM1_NAME": "String",
    "ADM2_CODE": "Integer",
    "ADM2_NAME": "String",
    "DISP_AREA": "String",
    "EXP2_YEAR": "Integer",
    "STATUS": "String",
    "STR2_YEAR": "Integer",
    "Shape_Area": "Float",
    "Shape_Leng": "Float",
    "system:index": "String"
  },
  "version": 1701682634012831,
  "id": "FAO/GAUL/2015/level2",
  "properties": {
    "system:asset_size": 316969462
  },
  "features": [
    {
      "type": "Feature",
      "geometry": {
        "type": "Polygon",
        "coordinates": [
          [
            [
              75.8992330489389,
              23.00374874249561
            ],
            [
              75.89714611459466,
              23.009710595321618
            ],
            [
              75.89523321198826,
              23.011632467514403
            ],
            [
              75.89095248428023,
              23.01312621022092
            ],
            [
              75.88926692314621,
              23.014909869847713
            ],
            [
              75.88906183246273,
              23.0169209704804
            ],
            [
              75.88511550700998,
              23.02178138274028
            ],
            [
              75.88481229347262,
              23.02721696779408
            ],
            [
              75.88137878235148,
              23.033281397946542
            ],
            [
              75.8760813963645,
              23.036219884178283
            ],
            [
              75.87254972487011,
              23.04170016130006
            ],
            [
              75.86010888371595,
              23.04141924549673
            ],
            [
              75.85228755615799,
              23.040228663363585
            ],
            [
              75.84879163969627,
              23.038159643634618
            ],
            [
              75.84715965648701,
              23.03545739240381
            ],
            [
              75.84352991595215,
              23.035497507011232
            ],
            [
              75.84210746428082,
              23.036581122456226
            ],
            [
              75.83474105736575,
              23.037749365982
            ],
            [
              75.82673691395034,
              23.041419190889638
            ],
            [
              75.8170161047405,
              23.044072393708845
            ],
            [
              75.81170088444375,
              23.044380051663545
            ],
            [
              75.8062117375946,
              23.039604412445605
            ],
            [
              75.79831906724289,
              23.04007702593453
            ],
            [
              75.77947047941542,
              23.036817462797153
            ],
            [
              75.77932776294672,
              23.03343744076267
            ],
            [
              75.7672971140709,
              23.032398450185152
            ],
            [
              75.76291832441417,
              23.033919031326462
            ],
            [
              75.76127737491053,
              23.036590000394245
            ],
            [
              75.76093397781796,
              23.040099348522755
            ],
            [
              75.73670773141713,
              23.038627809991393
            ],
            [
              75.73462533541209,
              23.036848631013417
            ],
            [
              75.73371118334414,
              23.030998304645703
            ],
            [
              75.72988974668468,
              23.01988181484483
            ],
            [
              75.71103662023538,
              23.024621776248928
            ],
            [
              75.69754789250216,
              23.023279586034683
            ],
            [
              75.68364882538432,
              23.025130117841332
            ],
            [
              75.6824092291148,
              23.024938395574466
            ],
            [
              75.67826228289232,
              23.021732268595752
            ],
            [
              75.67302723896387,
              23.021179329280766
            ],
            [
              75.66393074901112,
              23.02323055670756
            ],
            [
              75.65920403551199,
              23.02606207833986
            ],
            [
              75.65638591952359,
              23.024599460517813
            ],
            [
              75.65390669587296,
              23.025330832014404
            ],
            [
              75.6492379850677,
              23.028630498832538
            ],
            [
              75.64586692837682,
              23.025732151156326
            ],
            [
              75.64318252756267,
              23.025830193040505
            ],
            [
              75.63948149642104,
              23.027141165054026
            ],
            [
              75.63812139764315,
              23.02613346488134
            ],
            [
              75.63881703039603,
              23.02343123818903
            ],
            [
              75.64231742902783,
              23.020100262863078
            ],
            [
              75.64647782775614,
              23.012122963658936
            ],
            [
              75.64663834267557,
              23.010080673055885
            ],
            [
              75.64173776397674,
              23.009291432462124
            ],
            [
              75.63220416816517,
              23.01464677181352
            ],
            [
              75.63385856599481,
              23.023899425246714
            ],
            [
              75.63350625443047,
              23.027640568354244
            ],
            [
              75.6306747680355,
              23.0361485494501
            ],
            [
              75.62795910003882,
              23.040589868588796
            ],
            [
              75.62523459113822,
              23.042520627868225
            ],
            [
              75.62449440815014,
              23.046230626714472
            ],
            [
              75.6258767430232,
              23.048139071856465
            ],
            [
              75.6269246734467,
              23.053409755219043
            ],
            [
              75.6251365632798,
              23.054149927624355
            ],
            [
              75.62124816079188,
              23.054109817186752
            ],
            [
              75.6187288265217,
              23.05656231036329
            ],
            [
              75.6188581152781,
              23.06124883334223
            ],
            [
              75.62032512620999,
              23.063380324762356
            ],
            [
              75.62374081349496,
              23.065128277302914
            ],
            [
              75.6263939609334,
              23.06915039380915
            ],
            [
              75.62808402986317,
              23.073471234446878
            ],
            [
              75.62806618275194,
              23.077069706187693
            ],
            [
              75.62673732158282,
              23.08061025960017
            ],
            [
              75.62811075613017,
              23.087151759834416
            ],
            [
              75.62428485470556,
              23.089011190461164
            ],
            [
              75.62544423201747,
              23.090750230953567
            ],
            [
              75.62016467121684,
              23.088030182565706
            ],
            [
              75.61547810032806,
              23.08719194095739
            ],
            [
              75.60875824233166,
              23.087820606380298
            ],
            [
              75.60793334619983,
              23.093390056000203
            ],
            [
              75.60215876595888,
              23.092752358084443
            ],
            [
              75.58577601792541,
              23.08917174931382
            ],
            [
              75.57464609565699,
              23.08941256769573
            ],
            [
              75.5709005229602,
              23.090482718884022
            ],
            [
              75.56682485745034,
              23.089399200923467
            ],
            [
              75.56653500950983,
              23.083432855597035
            ],
            [
              75.56984810723361,
              23.074737623508568
            ],
            [
              75.56977677932649,
              23.071299690524384
            ],
            [
              75.56606235095309,
              23.068329914159374
            ],
            [
              75.5511645267139,
              23.067108072928324
            ],
            [
              75.54968412314976,
              23.066131588182884
            ],
            [
              75.54796730200188,
              23.064388044290855
            ],
            [
              75.54691498963315,
              23.06089213368575
            ],
            [
              75.54696847162394,
              23.052232558657074
            ],
            [
              75.54247369604798,
              23.05075212057416
            ],
            [
              75.53502702801046,
              23.040411465946413
            ],
            [
              75.53074628639347,
              23.038311195386697
            ],
            [
              75.52123056811375,
              23.044072408067812
            ],
            [
              75.51983490192328,
              23.04221742490804
            ],
            [
              75.51921059319358,
              23.038369231855736
            ],
            [
              75.52031641579106,
              23.033227891885435
            ],
            [
              75.51709693416126,
              23.03044087872244
            ],
            [
              75.51818944380743,
              23.028046406766464
            ],
            [
              75.51745814299585,
              23.026659633401827
            ],
            [
              75.5150591312218,
              23.026918260718215
            ],
            [
              75.51098797364706,
              23.02528176481883
            ],
            [
              75.50892787131718,
              23.0235025460415
            ],
            [
              75.50929354311477,
              23.019881748343508
            ],
            [
              75.51154540402307,
              23.018459285567335
            ],
            [
              75.51159889874623,
              23.017081465878025
            ],
            [
              75.5094585616613,
              23.015471741332256
            ],
            [
              75.50734494195889,
              23.008448625242885
            ],
            [
              75.50203858920949,
              23.004948242202218
            ],
            [
              75.49967976452079,
              23.005429869315016
            ],
            [
              75.4984891850778,
              23.00652227957435
            ],
            [
              75.49115834089851,
              23.00710202178267
            ],
            [
              75.49040033412412,
              23.007610290499105
            ],
            [
              75.49102014203699,
              23.01250642894071
            ],
            [
              75.48970026981551,
              23.01819175108193
            ],
            [
              75.48272619897338,
              23.01520861346025
            ],
            [
              75.47921686583972,
              23.011101778369103
            ],
            [
              75.47572540480417,
              23.006580293783756
            ],
            [
              75.47912771824967,
              23.005278203762497
            ],
            [
              75.47912771824967,
              23.00410102643879
            ],
            [
              75.47714343736375,
              22.99286855630393
            ],
            [
              75.47795946217386,
              22.98723222457757
            ],
            [
              75.48459459821092,
              22.98861007150294
            ],
            [
              75.48755544148875,
              22.988199882063167
            ],
            [
              75.48889764031804,
              22.987120730679138
            ],
            [
              75.4830071447123,
              22.977729860015685
            ],
            [
              75.48219114742004,
              22.973248476717878
            ],
            [
              75.4801042503221,
              22.970920871232593
            ],
            [
              75.47128865562229,
              22.970020151912085
            ],
            [
              75.46846597713461,
              22.9711883593791
            ],
            [
              75.46597337878747,
              22.9699398381952
            ],
            [
              75.46367691967966,
              22.967068144191316
            ],
            [
              75.46366803066573,
              22.963830910314325
            ],
            [
              75.46179963713975,
              22.961427397095957
            ],
            [
              75.45925794814877,
              22.95480123205594
            ],
            [
              75.45699276591547,
              22.95118041342848
            ],
            [
              75.4554900037314,
              22.94479944147237
            ],
            [
              75.45654233886337,
              22.944063689384883
            ],
            [
              75.46558991211715,
              22.943510743435837
            ],
            [
              75.47171672818168,
              22.944019123789584
            ],
            [
              75.4766484518436,
              22.943109401871222
            ],
            [
              75.47725489554034,
              22.935198947387164
            ],
            [
              75.47875761741791,
              22.933491136936382
            ],
            [
              75.4760375615508,
              22.93008885077882
            ],
            [
              75.46206719955978,
              22.92900084344778
            ],
            [
              75.4561232013663,
              22.918660217933944
            ],
            [
              75.45066079503898,
              22.91683194294713
            ],
            [
              75.44616605306824,
              22.912818785190375
            ],
            [
              75.44016408303233,
              22.910700713311073
            ],
            [
              75.43908496190373,
              22.906981770164126
            ],
            [
              75.4415374664104,
              22.899379022266757
            ],
            [
              75.44148403555901,
              22.894460634834434
            ],
            [
              75.4376358086633,
              22.87265113497124
            ],
            [
              75.44104698648536,
              22.8716299969376
            ],
            [
              75.4436199212924,
              22.86490128507887
            ],
            [
              75.44138144115892,
              22.854627469678867
            ],
            [
              75.43902699604182,
              22.851341106952155
            ],
            [
              75.43446984931917,
              22.848598759398726
            ],
            [
              75.43398379176607,
              22.84714957786623
            ],
            [
              75.43554891459996,
              22.84034941660473
            ],
            [
              75.43425576014194,
              22.836282741214944
            ],
            [
              75.4325033825636,
              22.834521386530156
            ],
            [
              75.42688932471248,
              22.831297473043335
            ],
            [
              75.42321953149568,
              22.83072224363988
            ],
            [
              75.42514584174573,
              22.81263168950824
            ],
            [
              75.43383220407976,
              22.811128955867215
            ],
            [
              75.4347373714558,
              22.80146161745117
            ],
            [
              75.44100244581489,
              22.797671406724874
            ],
            [
              75.43811740917347,
              22.79025147971672
            ],
            [
              75.43723448854631,
              22.77643719001917
            ],
            [
              75.44801214946136,
              22.77311955059043
            ],
            [
              75.46373043153245,
              22.77043966329282
            ],
            [
              75.47271552977034,
              22.774542023535954
            ],
            [
              75.48103180323817,
              22.772642453085147
            ],
            [
              75.48343518377362,
              22.767518966000907
            ],
            [
              75.48858551039822,
              22.764910360444397
            ],
            [
              75.48705151390648,
              22.757989862743912
            ],
            [
              75.48532143849357,
              22.753909778913066
            ],
            [
              75.4861686144679,
              22.74769822093234
            ],
            [
              75.4787353082367,
              22.741210271302087
            ],
            [
              75.4791500273724,
              22.73697857078166
            ],
            [
              75.48549528238111,
              22.735810301505943
            ],
            [
              75.49577357620898,
              22.736309687714062
            ],
            [
              75.50141873816281,
              22.733678846466482
            ],
            [
              75.50887437563512,
              22.734111335766126
            ],
            [
              75.5090349514869,
              22.721269121444013
            ],
            [
              75.51120204208691,
              22.716029685202958
            ],
            [
              75.51531335828025,
              22.710081258497652
            ],
            [
              75.50849093010939,
              22.697729580028795
            ],
            [
              75.51554963532845,
              22.685270806773197
            ],
            [
              75.51809578774372,
              22.678649038036067
            ],
            [
              75.52009791762637,
              22.67085904605477
            ],
            [
              75.52008903196833,
              22.667389854716365
            ],
            [
              75.51197789320315,
              22.66565970995031
            ],
            [
              75.49884590667467,
              22.661490414423437
            ],
            [
              75.4959875776141,
              22.65094910206524
            ],
            [
              75.49579588284817,
              22.64759142594895
            ],
            [
              75.50775069528454,
              22.647149982237018
            ],
            [
              75.51886724893299,
              22.661521693517727
            ],
            [
              75.52186375391994,
              22.66066105322463
            ],
            [
              75.52195740761195,
              22.65654974359449
            ],
            [
              75.5200265657772,
              22.655372582064427
            ],
            [
              75.52201089859365,
              22.64880877040362
            ],
            [
              75.524597191263,
              22.644091049637797
            ],
            [
              75.52704518463545,
              22.63491866835078
            ],
            [
              75.53636924343414,
              22.63515053935248
            ],
            [
              75.53907584917646,
              22.63833879229056
            ],
            [
              75.55288575265165,
              22.639663122467137
            ],
            [
              75.56337800186813,
              22.639747899889567
            ],
            [
              75.56791735611549,
              22.65842259344525
            ],
            [
              75.57125724826345,
              22.66033998853932
            ],
            [
              75.57605519088891,
              22.661601895161244
            ],
            [
              75.58201704964596,
              22.66210138639515
            ],
            [
              75.58574484309484,
              22.661579609794888
            ],
            [
              75.58782279542956,
              22.657851841433285
            ],
            [
              75.59089064359866,
              22.65498011922558
            ],
            [
              75.5957242709504,
              22.654449489888695
            ],
            [
              75.60173071422207,
              22.642632867386194
            ],
            [
              75.60411633190482,
              22.636287586690756
            ],
            [
              75.61205351805327,
              22.634450492045186
            ],
            [
              75.62133740047939,
              22.633558637433133
            ],
            [
              75.63078175997234,
              22.633888644880106
            ],
            [
              75.64240212794061,
              22.634989986882996
            ],
            [
              75.66055514944999,
              22.638900599570473
            ],
            [
              75.66895165993662,
              22.638780275633135
            ],
            [
              75.67682638816476,
              22.63820057702785
            ],
            [
              75.68599884577793,
              22.63338470215133
            ],
            [
              75.69409204367393,
              22.63025893454899
            ],
            [
              75.70133814655232,
              22.63136030895892
            ],
            [
              75.70420082842828,
              22.636528372179512
            ],
            [
              75.70442384491817,
              22.642998596945507
            ],
            [
              75.7028185267567,
              22.649210057730755
            ],
            [
              75.6917287526538,
              22.646021821531907
            ],
            [
              75.68490633998888,
              22.640158097486818
            ],
            [
              75.68093325610627,
              22.642820178691743
            ],
            [
              75.68032685043795,
              22.64931264739504
            ],
            [
              75.6827079900024,
              22.656041460043884
            ],
            [
              75.68335903098456,
              22.660308793908953
            ],
            [
              75.69127842011149,
              22.66338115185053
            ],
            [
              75.70578829367861,
              22.66466980337408
            ],
            [
              75.7127667931297,
              22.6387178226854
            ],
            [
              75.71393504967743,
              22.62232173353571
            ],
            [
              75.7124100581442,
              22.621849053581144
            ],
            [
              75.70742925368762,
              22.61740334344468
            ],
            [
              75.70298794284177,
              22.615472491751504
            ],
            [
              75.69950985922742,
              22.612819398869135
            ],
            [
              75.69637515496802,
              22.60827106712187
            ],
            [
              75.69406089193596,
              22.60197924916007
            ],
            [
              75.69252690462967,
              22.600231356616906
            ],
            [
              75.69045345767982,
              22.600017239368853
            ],
            [
              75.68766204113818,
              22.59777879957291
            ],
            [
              75.67825331802518,
              22.583821822388717
            ],
            [
              75.66562517711637,
              22.579251214503643
            ],
            [
              75.65904797305575,
              22.57388251072599
            ],
            [
              75.65431240119833,
              22.571684108371407
            ],
            [
              75.65141846356586,
              22.571452246015934
            ],
            [
              75.6492691464043,
              22.572513571002432
            ],
            [
              75.64495727750852,
              22.568629652122894
            ],
            [
              75.64193841410915,
              22.570221554187757
            ],
            [
              75.63482617539702,
              22.569820218243624
            ],
            [
              75.63273042017703,
              22.568099017312804
            ],
            [
              75.63179840144461,
              22.562770401791596
            ],
            [
              75.62193490540523,
              22.56319847311248
            ],
            [
              75.6132976190293,
              22.562489501563746
            ],
            [
              75.61036797085148,
              22.56689957338968
            ],
            [
              75.6042500738337,
              22.5705025080706
            ],
            [
              75.59646451019685,
              22.570341928275802
            ],
            [
              75.59319153218414,
              22.563109274308676
            ],
            [
              75.59274116229653,
              22.55894004615407
            ],
            [
              75.59485027762268,
              22.552090818745892
            ],
            [
              75.59975979519578,
              22.54418930924077
            ],
            [
              75.59800732200267,
              22.543342101498713
            ],
            [
              75.59644221870344,
              22.54136228269497
            ],
            [
              75.59673209666475,
              22.532858751499184
            ],
            [
              75.59821247248018,
              22.526290471674983
            ],
            [
              75.59481022354127,
              22.52283023135347
            ],
            [
              75.59220162250809,
              22.521394438076886
            ],
            [
              75.58096471320141,
              22.520012111255834
            ],
            [
              75.57705853239335,
              22.517399070610974
            ],
            [
              75.57160944259417,
              22.51535232124092
            ],
            [
              75.55985084994845,
              22.518406773382434
            ],
            [
              75.55806716599744,
              22.51677032436291
            ],
            [
              75.55658674262234,
              22.51316292253346
            ],
            [
              75.55689446580821,
              22.507843180208326
            ],
            [
              75.55367497802477,
              22.500851292968854
            ],
            [
              75.5543884220596,
              22.497631868089076
            ],
            [
              75.55739389278068,
              22.49472453804446
            ],
            [
              75.56391311674459,
              22.490760414766832
            ],
            [
              75.56603117195736,
              22.485070581694533
            ],
            [
              75.56495651411821,
              22.478471089507668
            ],
            [
              75.56505458207774,
              22.474252757258792
            ],
            [
              75.57016921562924,
              22.46274833714336
            ],
            [
              75.57182351238217,
              22.456139918444308
            ],
            [
              75.56546932710368,
              22.44608910380967
            ],
            [
              75.56452844315979,
              22.44278042916448
            ],
            [
              75.56505458207774,
              22.433411903022986
            ],
            [
              75.56246828436669,
              22.42574225227653
            ],
            [
              75.55708172891181,
              22.42073909401198
            ],
            [
              75.5529347906407,
              22.4191115173567
            ],
            [
              75.54534987771171,
              22.413328073993096
            ],
            [
              75.54593845128485,
              22.409301483179107
            ],
            [
              75.54854698122466,
              22.408119892526273
            ],
            [
              75.55040647025625,
              22.404851388043152
            ],
            [
              75.55046892366549,
              22.400231726615015
            ],
            [
              75.54573775906417,
              22.396512843903462
            ],
            [
              75.54807879603621,
              22.395500582737174
            ],
            [
              75.55181108815029,
              22.39595987961047
            ],
            [
              75.55310864439504,
              22.394020217296806
            ],
            [
              75.5536482382425,
              22.389632442452303
            ],
            [
              75.55311761691335,
              22.386497702966953
            ],
            [
              75.55911060462032,
              22.377811345370063
            ],
            [
              75.5649119216006,
              22.374672160921133
            ],
            [
              75.57359379545407,
              22.379710960286474
            ],
            [
              75.57688905911249,
              22.379461200036797
            ],
            [
              75.57872616396396,
              22.3739988621779
            ],
            [
              75.58611494386278,
              22.371568640171454
            ],
            [
              75.58843367018264,
              22.37155076113097
            ],
            [
              75.59158179320573,
              22.368179724912316
            ],
            [
              75.59327625947496,
              22.365036048651966
            ],
            [
              75.5946184789074,
              22.36441176140156
            ],
            [
              75.60647518065322,
              22.365869855846118
            ],
            [
              75.60887865955142,
              22.365272366134974
            ],
            [
              75.6076657801228,
              22.36346198396046
            ],
            [
              75.60891879860274,
              22.361049583516262
            ],
            [
              75.60738933314622,
              22.356162383134556
            ],
            [
              75.6097482181364,
              22.35366087817871
            ],
            [
              75.61224976880075,
              22.34876925139441
            ],
            [
              75.610604362443,
              22.348287661043596
            ],
            [
              75.60159244081167,
              22.34995090573165
            ],
            [
              75.59973306376436,
              22.34773029641824
            ],
            [
              75.60015215165971,
              22.34570137406592
            ],
            [
              75.60151668788623,
              22.34427890790874
            ],
            [
              75.6041029221828,
              22.34356992799625
            ],
            [
              75.60962780162974,
              22.342490860842872
            ],
            [
              75.61715026909945,
              22.34254879565612
            ],
            [
              75.62094048324374,
              22.3428385835454
            ],
            [
              75.62201073658883,
              22.345567558694746
            ],
            [
              75.63233353381746,
              22.345549726898177
            ],
            [
              75.63366678359523,
              22.346548592072224
            ],
            [
              75.63778703106047,
              22.35627385787562
            ],
            [
              75.63992293316336,
              22.356880292847002
            ],
            [
              75.64512667222402,
              22.355921669152025
            ],
            [
              75.6457375746998,
              22.35506105291393
            ],
            [
              75.64592934126304,
              22.343957870712135
            ],
            [
              75.64695049397166,
              22.341139680292432
            ],
            [
              75.649536725243,
              22.33834826657324
            ],
            [
              75.65074961295186,
              22.33581996876813
            ],
            [
              75.65232816295146,
              22.33562383469365
            ],
            [
              75.65596228748707,
              22.339601317437978
            ],
            [
              75.65712611856473,
              22.343030376650447
            ],
            [
              75.65902569108732,
              22.344680239849055
            ],
            [
              75.670663960278,
              22.346517383043608
            ],
            [
              75.67726345127465,
              22.348871774654675
            ],
            [
              75.68173146743754,
              22.35408895945735
            ],
            [
              75.68708237902389,
              22.35555150345845
            ],
            [
              75.69006995283715,
              22.35716129980205
            ],
            [
              75.69333845374237,
              22.359752027104328
            ],
            [
              75.69441314581383,
              22.3622491379856
            ],
            [
              75.70228791323095,
              22.363470894058096
            ],
            [
              75.7091906182132,
              22.365651389359336
            ],
            [
              75.72062813911214,
              22.372121528017246
            ],
            [
              75.7268084960307,
              22.372259813353192
            ],
            [
              75.73190974646035,
              22.369958886350076
            ],
            [
              75.73726066594035,
              22.36639159047669
            ],
            [
              75.74223254506853,
              22.364902231906246
            ],
            [
              75.74996018556202,
              22.363849951207623
            ],
            [
              75.75390644349635,
              22.364661494873864
            ],
            [
              75.75924847256243,
              22.36867018761144
            ],
            [
              75.77237608364302,
              22.369900875159807
            ],
            [
              75.78013492071722,
              22.372999995470398
            ],
            [
              75.78576671525124,
              22.377539350665963
            ],
            [
              75.79029274526225,
              22.37980010151036
            ],
            [
              75.8013468137621,
              22.382551398244974
            ],
            [
              75.80105699007234,
              22.385039567501867
            ],
            [
              75.80596200822558,
              22.389338129540075
            ],
            [
              75.80359869185892,
              22.38969928528383
            ],
            [
              75.81273540772932,
              22.390328055815136
            ],
            [
              75.81780088080816,
              22.395322210485975
            ],
            [
              75.82327220163396,
              22.405560318460804
            ],
            [
              75.82704016314976,
              22.40828932790356
            ],
            [
              75.83033542942994,
              22.408378530682644
            ],
            [
              75.83763946897332,
              22.40564953760643
            ],
            [
              75.84118442347366,
              22.4008203414955
            ],
            [
              75.84517532826935,
              22.397333307943917
            ],
            [
              75.84709272066003,
              22.38984204753555
            ],
            [
              75.84993768708358,
              22.386738480337065
            ],
            [
              75.85534651206443,
              22.38367063553123
            ],
            [
              75.86618215781303,
              22.381320683034208
            ],
            [
              75.87750377266046,
              22.383148868767343
            ],
            [
              75.88918219254563,
              22.390671387265012
            ],
            [
              75.89994647064785,
              22.39167024080145
            ],
            [
              75.90229196304435,
              22.3905688707789
            ],
            [
              75.90841871944109,
              22.389503126681255
            ],
            [
              75.9095692455178,
              22.390172006565887
            ],
            [
              75.91076867864518,
              22.39389083854052
            ],
            [
              75.91031832748804,
              22.405542484030235
            ],
            [
              75.90818246297897,
              22.41368035854363
            ],
            [
              75.9095692455178,
              22.41489770482032
            ],
            [
              75.9104610008758,
              22.41834906023464
            ],
            [
              75.91240072426052,
              22.42114939093
            ],
            [
              75.91644065789932,
              22.424351011943887
            ],
            [
              75.92188078236696,
              22.42632187775532
            ],
            [
              75.93334960646419,
              22.430210227507814
            ],
            [
              75.9435208056425,
              22.43239968902363
            ],
            [
              75.95342443318451,
              22.436742786736918
            ],
            [
              75.95600184108027,
              22.43746968483434
            ],
            [
              75.96850514637123,
              22.440720312618424
            ],
            [
              75.97419941003851,
              22.440412639408798
            ],
            [
              75.97559962203654,
              22.43964567159371
            ],
            [
              75.99127327569639,
              22.430861272186416
            ],
            [
              75.99523742164953,
              22.42407894196318
            ],
            [
              75.99677141658053,
              22.424324283354125
            ],
            [
              76.00425817738486,
              22.42331200671568
            ],
            [
              76.00546219933985,
              22.422259666856707
            ],
            [
              76.00778980378995,
              22.422411238211023
            ],
            [
              76.0091631996052,
              22.42299093030848
            ],
            [
              76.0097875061838,
              22.424600679721564
            ],
            [
              76.0094530376048,
              22.425300777384304
            ],
            [
              76.0094530376048,
              22.428078806753938
            ],
            [
              76.00993911042082,
              22.430678485002726
            ],
            [
              76.01030032101586,
              22.43317108016679
            ],
            [
              76.0109869639101,
              22.4342813686761
            ],
            [
              76.01162914992949,
              22.43585995327377
            ],
            [
              76.01297133743587,
              22.43813849758472
            ],
            [
              76.01389431071641,
              22.439672435352005
            ],
            [
              76.01454985444325,
              22.441482875289697
            ],
            [
              76.01525879098595,
              22.442891927579254
            ],
            [
              76.01496896513116,
              22.444100367496212
            ],
            [
              76.01294902235766,
              22.446557325556455
            ],
            [
              76.01544164749949,
              22.447012157768803
            ],
            [
              76.01702907983145,
              22.447038907293525
            ],
            [
              76.01831773174163,
              22.4469496797877
            ],
            [
              76.02185829710912,
              22.447301946521534
            ],
            [
              76.02320941708047,
              22.44727076029743
            ],
            [
              76.0243910496228,
              22.44678476371665
            ],
            [
              76.0279137510954,
              22.444858396141495
            ],
            [
              76.02876101005482,
              22.443819413260243
            ],
            [
              76.03093699589162,
              22.442191822734898
            ],
            [
              76.03270726117594,
              22.440952211323967
            ],
            [
              76.03431698406426,
              22.440162969257145
            ],
            [
              76.03459348867109,
              22.441268848139114
            ],
            [
              76.0347362119339,
              22.444002280126835
            ],
            [
              76.03470495803103,
              22.445099220703487
            ],
            [
              76.03476737729177,
              22.44660194332486
            ],
            [
              76.03515534999335,
              22.448198295416997
            ],
            [
              76.03597131093188,
              22.449527029062615
            ],
            [
              76.03690333853986,
              22.451520279367767
            ],
            [
              76.03750529736061,
              22.452991771390863
            ],
            [
              76.03981067178087,
              22.455698471052543
            ],
            [
              76.0416032222995,
              22.457120917075898
            ],
            [
              76.04308358392095,
              22.458770775958065
            ],
            [
              76.04831859453427,
              22.461539912678987
            ],
            [
              76.05011112300507,
              22.46127677335629
            ],
            [
              76.05148454098644,
              22.460420671664075
            ],
            [
              76.05571182746428,
              22.456269234022066
            ],
            [
              76.05689344733236,
              22.4579190925423
            ],
            [
              76.05753108231005,
              22.459198894952003
            ],
            [
              76.05787003769952,
              22.46153099990794
            ],
            [
              76.05753108231005,
              22.46466124579013
            ],
            [
              76.0567686288112,
              22.467439269610306
            ],
            [
              76.05596146630937,
              22.469682171961153
            ],
            [
              76.05412882337559,
              22.47359285272934
            ],
            [
              76.0540931475901,
              22.47427959220539
            ],
            [
              76.05365618486204,
              22.476602707063623
            ],
            [
              76.05400842862817,
              22.480950370212472
            ],
            [
              76.04881356064709,
              22.48301049259589
            ],
            [
              76.0466687536769,
              22.48338060380558
            ],
            [
              76.04273131223802,
              22.485222139496848
            ],
            [
              76.03922200327581,
              22.486029231295987
            ],
            [
              76.03629243486196,
              22.48800916571662
            ],
            [
              76.03443296909322,
              22.490060279593905
            ],
            [
              76.0329213489382,
              22.49195093576604
            ],
            [
              76.03121793427408,
              22.493368941634337
            ],
            [
              76.028092075233,
              22.49727062666771
            ],
            [
              76.02731175048305,
              22.49911226938017
            ],
            [
              76.02825711782472,
              22.502131116532237
            ],
            [
              76.02942542603013,
              22.505569083121802
            ],
            [
              76.0309905628192,
              22.508449615322494
            ],
            [
              76.03195370148792,
              22.51054983147226
            ],
            [
              76.03203391847077,
              22.513631066963335
            ],
            [
              76.0318511724288,
              22.51700215618749
            ],
            [
              76.03135614547797,
              22.520288527704356
            ],
            [
              76.03103067159601,
              22.523088853065502
            ],
            [
              76.03082109646815,
              22.52571078997189
            ],
            [
              76.03021910851783,
              22.528270316281926
            ],
            [
              76.03002290184769,
              22.531940158950174
            ],
            [
              76.0314855025397,
              22.53177961618293
            ],
            [
              76.03267609535327,
              22.531320384736453
            ],
            [
              76.03401382884161,
              22.53075848703263
            ],
            [
              76.03552101016807,
              22.53107064951131
            ],
            [
              76.03676504434974,
              22.531204432076354
            ],
            [
              76.03748298624068,
              22.53131148842084
            ],
            [
              76.04014506695437,
              22.532328103711613
            ],
            [
              76.04196886539472,
              22.533398293965295
            ],
            [
              76.04313714613625,
              22.533870946819157
            ],
            [
              76.04453285504279,
              22.53464687979001
            ],
            [
              76.04525075652123,
              22.53541827536899
            ],
            [
              76.0466018247515,
              22.53585973270293
            ],
            [
              76.04765418095927,
              22.535511923769082
            ],
            [
              76.05092717254453,
              22.53458000037269
            ],
            [
              76.05267956461292,
              22.53368368574584
            ],
            [
              76.05413776445191,
              22.534120699761253
            ],
            [
              76.05621119322608,
              22.534740471473935
            ],
            [
              76.05748655507098,
              22.534758303797574
            ],
            [
              76.05919433699268,
              22.53513292733941
            ],
            [
              76.06133469993377,
              22.53545840751486
            ],
            [
              76.06265905440802,
              22.53548966957044
            ],
            [
              76.06456753291745,
              22.534990234865624
            ],
            [
              76.06582059930356,
              22.534379272732515
            ],
            [
              76.06681943268374,
              22.533870931130227
            ],
            [
              76.06807690437589,
              22.533197668257984
            ],
            [
              76.06961973897812,
              22.532519892822734
            ],
            [
              76.07083257361954,
              22.532559969922332
            ],
            [
              76.0728748595805,
              22.531891104058413
            ],
            [
              76.07419034014376,
              22.531039416687957
            ],
            [
              76.07538534356054,
              22.52968386296947
            ],
            [
              76.07813219222078,
              22.528787619327595
            ],
            [
              76.0787430872913,
              22.530308145879538
            ],
            [
              76.07872078285378,
              22.53123115637407
            ],
            [
              76.07955011604876,
              22.532238938891062
            ],
            [
              76.08059806032578,
              22.533532121852375
            ],
            [
              76.08146756477305,
              22.534941116482866
            ],
            [
              76.08204720184105,
              22.536118363098332
            ],
            [
              76.08280978063931,
              22.53734904246877
            ],
            [
              76.0823995498836,
              22.540412498562272
            ],
            [
              76.0820784449972,
              22.54121957724262
            ],
            [
              76.08213199203294,
              22.542209504386314
            ],
            [
              76.08200268254396,
              22.54354280006799
            ],
            [
              76.08287217809014,
              22.545063336811246
            ],
            [
              76.0857705747806,
              22.550579197031873
            ],
            [
              76.08819630198349,
              22.553111951523174
            ],
            [
              76.08963217632206,
              22.554298111831308
            ],
            [
              76.09153178380369,
              22.556478597599483
            ],
            [
              76.09361863121462,
              22.558199835164505
            ],
            [
              76.09451938190762,
              22.558618950810377
            ],
            [
              76.09620484417746,
              22.557901054604233
            ],
            [
              76.09925048250302,
              22.55823995178307
            ],
            [
              76.10237180429341,
              22.56038036380921
            ],
            [
              76.1050250178417,
              22.56194100993429
            ],
            [
              76.10540845612766,
              22.562984473086615
            ],
            [
              76.10325471013225,
              22.5653789985113
            ],
            [
              76.10111438150196,
              22.56586951462818
            ],
            [
              76.09887587662588,
              22.566351026150027
            ],
            [
              76.09530861801711,
              22.566930712121316
            ],
            [
              76.09300328888537,
              22.567479242538724
            ],
            [
              76.09052401451517,
              22.56759963966713
            ],
            [
              76.0884683616762,
              22.568041025236663
            ],
            [
              76.08698344374652,
              22.568531591982676
            ],
            [
              76.08418313754451,
              22.569882690446093
            ],
            [
              76.08213199203294,
              22.571122299993437
            ],
            [
              76.08016994419222,
              22.572589356759647
            ],
            [
              76.07959029919475,
              22.574488899813307
            ],
            [
              76.07596500631233,
              22.57612096986948
            ],
            [
              76.07533179389291,
              22.57669172884364
            ],
            [
              76.07399853320518,
              22.57823009726879
            ],
            [
              76.07254045536753,
              22.58023674689474
            ],
            [
              76.0718671302809,
              22.581329153883697
            ],
            [
              76.06935667052763,
              22.583260017764818
            ],
            [
              76.06806796420524,
              22.58403588481625
            ],
            [
              76.06532117989276,
              22.58540035754259
            ],
            [
              76.06310050306652,
              22.587558564951124
            ],
            [
              76.0641037821566,
              22.58924850329583
            ],
            [
              76.06638242184327,
              22.588829391844882
            ],
            [
              76.06841131945036,
              22.588169414016015
            ],
            [
              76.07026625499572,
              22.587558535597715
            ],
            [
              76.07356154519263,
              22.586760376881855
            ],
            [
              76.07724036196572,
              22.586639964159254
            ],
            [
              76.080611425104,
              22.58652845587903
            ],
            [
              76.08245743365032,
              22.585980065707624
            ],
            [
              76.08602033603583,
              22.585627785734342
            ],
            [
              76.08838808907741,
              22.58683176087181
            ],
            [
              76.08838808907741,
              22.590541658460058
            ],
            [
              76.08732684019145,
              22.59314131621404
            ],
            [
              76.08534247478858,
              22.59624040415506
            ],
            [
              76.0841385304344,
              22.598541291676042
            ],
            [
              76.08215429591604,
              22.603780737724833
            ],
            [
              76.08220775441475,
              22.605988025784917
            ],
            [
              76.08455769508736,
              22.605390493481018
            ],
            [
              76.08545841682451,
              22.60378071944576
            ],
            [
              76.08686750300002,
              22.601948060730752
            ],
            [
              76.08743826684275,
              22.601560138852832
            ],
            [
              76.09034559423954,
              22.60148879833432
            ],
            [
              76.09142469705286,
              22.601448679208467
            ],
            [
              76.0923388258064,
              22.599540125125866
            ],
            [
              76.0926955724339,
              22.597818906954526
            ],
            [
              76.09346703052057,
              22.59591043058944
            ],
            [
              76.09509905229025,
              22.5955314632885
            ],
            [
              76.09581695517085,
              22.596070969980445
            ],
            [
              76.09906764876808,
              22.597631636922582
            ],
            [
              76.10032509036603,
              22.596668488535975
            ],
            [
              76.10028048851105,
              22.594291749819686
            ],
            [
              76.10140420303779,
              22.591919551409518
            ],
            [
              76.10257693417253,
              22.591081274950977
            ],
            [
              76.10340187530035,
              22.590568419748916
            ],
            [
              76.10605055577479,
              22.592361013728425
            ],
            [
              76.10626904241211,
              22.594149110325777
            ],
            [
              76.10888660729833,
              22.594960630731126
            ],
            [
              76.11049632286989,
              22.592900553412683
            ],
            [
              76.11184736850343,
              22.590069060246545
            ],
            [
              76.11229777307138,
              22.587879569336
            ],
            [
              76.11215955477445,
              22.58647946108866
            ],
            [
              76.11347943646535,
              22.584129492736455
            ],
            [
              76.11501335374322,
              22.585480604465104
            ],
            [
              76.11541915095609,
              22.586421453237833
            ],
            [
              76.1179742476157,
              22.58697885804526
            ],
            [
              76.11654734227865,
              22.59166094181771
            ],
            [
              76.1172027507924,
              22.592499234523515
            ],
            [
              76.11985594184776,
              22.595491277319965
            ],
            [
              76.11795194956937,
              22.597841257017347
            ],
            [
              76.11599882124611,
              22.598848992561482
            ],
            [
              76.11277047505054,
              22.60046762271826
            ],
            [
              76.11145943536324,
              22.601261344718534
            ],
            [
              76.10925224827533,
              22.602211141803085
            ],
            [
              76.10856547602077,
              22.6033081188458
            ],
            [
              76.11154863176671,
              22.604280194348032
            ],
            [
              76.11354190842562,
              22.603910041053027
            ],
            [
              76.11474585963107,
              22.604048319051937
            ],
            [
              76.11813918225808,
              22.607129579998052
            ],
            [
              76.11955270998246,
              22.605461861463436
            ],
            [
              76.12065856954152,
              22.60357121598628
            ],
            [
              76.12116247681033,
              22.602937990775253
            ],
            [
              76.12211675439707,
              22.601511058279762
            ],
            [
              76.12281681916235,
              22.600641587346477
            ],
            [
              76.12407873168614,
              22.599098718185587
            ],
            [
              76.12460492328564,
              22.598710789021546
            ],
            [
              76.12571525433779,
              22.598090970873443
            ],
            [
              76.12755684971489,
              22.598340636352905
            ],
            [
              76.12786006378806,
              22.600200065662065
            ],
            [
              76.127052966068,
              22.60275071465044
            ],
            [
              76.12668728428515,
              22.604150857174872
            ],
            [
              76.12757914619145,
              22.605421750980867
            ],
            [
              76.12895249594386,
              22.6044005439365
            ],
            [
              76.13049535232891,
              22.602920146147934
            ],
            [
              76.13271157417626,
              22.603531075161094
            ],
            [
              76.13391102097944,
              22.60477958088443
            ],
            [
              76.13581956794773,
              22.604351561926677
            ],
            [
              76.13636800925755,
              22.603018280873133
            ],
            [
              76.1369476789748,
              22.601511111684797
            ],
            [
              76.13697890958396,
              22.600770888920653
            ],
            [
              76.1376745629105,
              22.59822022285252
            ],
            [
              76.13828094534735,
              22.596490146039777
            ],
            [
              76.1389453618699,
              22.594831369074324
            ],
            [
              76.13955625063119,
              22.594309586648848
            ],
            [
              76.14173676053659,
              22.59324388104216
            ],
            [
              76.14315924419003,
              22.593270693340468
            ],
            [
              76.14314137366235,
              22.598077543002763
            ],
            [
              76.14269098250867,
              22.599638285811153
            ],
            [
              76.14154053642372,
              22.60201050620644
            ],
            [
              76.14047925809444,
              22.604311364140187
            ],
            [
              76.13999771668979,
              22.606219904251386
            ],
            [
              76.14183929592757,
              22.60636261965274
            ],
            [
              76.14377453741204,
              22.606919982355947
            ],
            [
              76.14632963327598,
              22.607361455524643
            ],
            [
              76.14521929334595,
              22.609430434150678
            ],
            [
              76.14269098250867,
              22.612351175280395
            ],
            [
              76.14615570922317,
              22.613283080045232
            ],
            [
              76.1470431088146,
              22.614161507300167
            ],
            [
              76.14843882068863,
              22.614709999796908
            ],
            [
              76.15085564985048,
              22.613532855537805
            ],
            [
              76.15165827178565,
              22.613082483178363
            ],
            [
              76.15323678609424,
              22.611829428695156
            ],
            [
              76.15551535560532,
              22.6120389943711
            ],
            [
              76.15817301917734,
              22.610870728286127
            ],
            [
              76.15976048039501,
              22.609100487369133
            ],
            [
              76.16104911797471,
              22.607379224096718
            ],
            [
              76.1618116091879,
              22.60646071829651
            ],
            [
              76.16232447499745,
              22.605591160492136
            ],
            [
              76.16401891748292,
              22.60411968395299
            ],
            [
              76.16610129426651,
              22.6061708722233
            ],
            [
              76.1660745814544,
              22.611289911755577
            ],
            [
              76.16580249966441,
              22.612502714262707
            ],
            [
              76.16446481522706,
              22.61387172648746
            ],
            [
              76.16345263142694,
              22.614732345862464
            ],
            [
              76.16219957581016,
              22.61552159143128
            ],
            [
              76.16008600230052,
              22.617091184505473
            ],
            [
              76.1583112792424,
              22.618531457263543
            ],
            [
              76.15759335148586,
              22.620778831306943
            ],
            [
              76.15939930938895,
              22.621220269395256
            ],
            [
              76.16111599092538,
              22.621131126919668
            ],
            [
              76.16269899495896,
              22.621206899391336
            ],
            [
              76.16216392821651,
              22.62475191388383
            ],
            [
              76.16121860015065,
              22.625768592525798
            ],
            [
              76.15823989354502,
              22.626829824448595
            ],
            [
              76.15576958915283,
              22.627480918968555
            ],
            [
              76.15399932118211,
              22.62733817601155
            ],
            [
              76.15159581730057,
              22.628279103235684
            ],
            [
              76.15100276364939,
              22.631583297417563
            ],
            [
              76.15048994354132,
              22.63388864508282
            ],
            [
              76.15075754440839,
              22.635061343646406
            ],
            [
              76.15235836159856,
              22.635030157633967
            ],
            [
              76.15365591553889,
              22.634169512192177
            ],
            [
              76.15712956247543,
              22.633019049184547
            ],
            [
              76.15831570214682,
              22.63639909846768
            ],
            [
              76.1624314176238,
              22.634258676954516
            ],
            [
              76.16388508595574,
              22.633010155376542
            ],
            [
              76.16500880672085,
              22.63222087299738
            ],
            [
              76.16822830715229,
              22.631280033745675
            ],
            [
              76.17069413909837,
              22.63288980527445
            ],
            [
              76.17201407224321,
              22.635649937731063
            ],
            [
              76.17408756988038,
              22.63626086809796
            ],
            [
              76.17613874727324,
              22.638731223673297
            ],
            [
              76.1774898486603,
              22.64100977672554
            ],
            [
              76.18055772565594,
              22.6413487049548
            ],
            [
              76.18192222622729,
              22.64096965382645
            ],
            [
              76.1844460030518,
              22.641937317314714
            ],
            [
              76.1876075561048,
              22.643029753619334
            ],
            [
              76.18901213643994,
              22.6411390910064
            ],
            [
              76.1876075561048,
              22.638851618760352
            ],
            [
              76.18701890507703,
              22.637968654077493
            ],
            [
              76.18595762872069,
              22.636800374196586
            ],
            [
              76.1849276520535,
              22.636260890255468
            ],
            [
              76.18067367513098,
              22.63479827216304
            ],
            [
              76.17912183662563,
              22.63360767678654
            ],
            [
              76.17682544384984,
              22.631021386017704
            ],
            [
              76.17592470667022,
              22.62931798782152
            ],
            [
              76.17402512571938,
              22.627320396818813
            ],
            [
              76.17220131897162,
              22.62554113256264
            ],
            [
              76.17079223012944,
              22.62117126649615
            ],
            [
              76.1709973454104,
              22.62030621647735
            ],
            [
              76.17134964057378,
              22.619039779914477
            ],
            [
              76.17459145605835,
              22.617991887958695
            ],
            [
              76.17720894521383,
              22.618379817005145
            ],
            [
              76.18067367513098,
              22.620582685254078
            ],
            [
              76.18186871839431,
              22.62037303588369
            ],
            [
              76.18199351100989,
              22.61614134418242
            ],
            [
              76.18495887162297,
              22.615142560039075
            ],
            [
              76.18653735196253,
              22.613599670628098
            ],
            [
              76.18785721907054,
              22.610540742616493
            ],
            [
              76.18379056497714,
              22.608739262675833
            ],
            [
              76.18218083238123,
              22.607428264404554
            ],
            [
              76.1790103964951,
              22.607098355826565
            ],
            [
              76.17645980754351,
              22.60571159255612
            ],
            [
              76.17695475185731,
              22.603981412626734
            ],
            [
              76.17823004767752,
              22.603071744828082
            ],
            [
              76.17975058719855,
              22.602581255729607
            ],
            [
              76.18235028812926,
              22.601569089540405
            ],
            [
              76.18403581292434,
              22.600900183726072
            ],
            [
              76.18733109561974,
              22.599740783937015
            ],
            [
              76.19075568126242,
              22.602171031891736
            ],
            [
              76.19243676792863,
              22.605171994489663
            ],
            [
              76.19287823874393,
              22.608302309656064
            ],
            [
              76.19271763975209,
              22.611958743831824
            ],
            [
              76.19328398028047,
              22.617710962294776
            ],
            [
              76.19400631747192,
              22.622129970743064
            ],
            [
              76.19748892253573,
              22.626080742265014
            ],
            [
              76.19847883227695,
              22.62830135210745
            ],
            [
              76.20147531220574,
              22.628109631809284
            ],
            [
              76.20533690161191,
              22.626718363667624
            ],
            [
              76.20778499069867,
              22.626192246811776
            ],
            [
              76.2122708427425,
              22.62596030743104
            ],
            [
              76.21349266354231,
              22.622219124677343
            ],
            [
              76.21665415521909,
              22.619191403271323
            ],
            [
              76.21737645568471,
              22.619030905633398
            ],
            [
              76.22217003109996,
              22.619401009853576
            ],
            [
              76.22492125318163,
              22.619392069168853
            ],
            [
              76.22718208132268,
              22.619940552694473
            ],
            [
              76.22899692297959,
              22.620373090051014
            ],
            [
              76.23264447990663,
              22.623458744618425
            ],
            [
              76.23423637048843,
              22.627128657309452
            ],
            [
              76.2351014436259,
              22.633687971794522
            ],
            [
              76.2360244179179,
              22.63776798592372
            ],
            [
              76.23890053841048,
              22.64235197739049
            ],
            [
              76.2408045983026,
              22.64377888831277
            ],
            [
              76.24363615009301,
              22.645789944286076
            ],
            [
              76.24389481463066,
              22.64684226411145
            ],
            [
              76.24102755312677,
              22.64840299629116
            ],
            [
              76.23977009014516,
              22.649678301751855
            ],
            [
              76.23867758005363,
              22.653263414889356
            ],
            [
              76.23694747427405,
              22.65352204449178
            ],
            [
              76.22966133615759,
              22.653580007201708
            ],
            [
              76.2264106755776,
              22.655671346072292
            ],
            [
              76.22696803324946,
              22.657477220119183
            ],
            [
              76.22731134108459,
              22.658520686224982
            ],
            [
              76.227418409097,
              22.658988932024126
            ],
            [
              76.22836371604077,
              22.660228480238732
            ],
            [
              76.23036137565792,
              22.662516026636702
            ],
            [
              76.23068248374176,
              22.666119011075953
            ],
            [
              76.23065127475736,
              22.66994932774273
            ],
            [
              76.22997342797396,
              22.67225917491089
            ],
            [
              76.2285286931708,
              22.674899000409816
            ],
            [
              76.22461807952453,
              22.678390424079364
            ],
            [
              76.22237957758321,
              22.677070530582814
            ],
            [
              76.22030611403511,
              22.674961363494518
            ],
            [
              76.21813005259149,
              22.672308214599056
            ],
            [
              76.21579798232192,
              22.669998400298887
            ],
            [
              76.2124625432505,
              22.666939483560398
            ],
            [
              76.21089294310538,
              22.6656997997451
            ],
            [
              76.20762440944259,
              22.664718801888398
            ],
            [
              76.20553754312975,
              22.664558263527383
            ],
            [
              76.20411509532298,
              22.664544921875592
            ],
            [
              76.20172061648488,
              22.664910548548765
            ],
            [
              76.20001276240652,
              22.664821403669578
            ],
            [
              76.19840304616149,
              22.66495965361717
            ],
            [
              76.19613775565601,
              22.665739955404575
            ],
            [
              76.19301646338418,
              22.664883806133474
            ],
            [
              76.19119264730234,
              22.664451275495402
            ],
            [
              76.18802666770708,
              22.665668642953673
            ],
            [
              76.18844586644857,
              22.66793832694986
            ],
            [
              76.18956956029149,
              22.669757594078874
            ],
            [
              76.19211565714059,
              22.672468732896338
            ],
            [
              76.19373438025826,
              22.67377082586355
            ],
            [
              76.1963250574286,
              22.675438485064593
            ],
            [
              76.19818895236632,
              22.67645963412519
            ],
            [
              76.20102493804792,
              22.677948989397755
            ],
            [
              76.20184547919833,
              22.679478495657904
            ],
            [
              76.19943309698162,
              22.67971927301022
            ],
            [
              76.19670859192856,
              22.682519604363133
            ],
            [
              76.19593710016383,
              22.68390184592576
            ],
            [
              76.19484909826983,
              22.685689977782435
            ],
            [
              76.19470194363846,
              22.68621173577176
            ],
            [
              76.19335976926851,
              22.687932920054013
            ],
            [
              76.19207559561998,
              22.689805779246875
            ],
            [
              76.18921731254983,
              22.693141175299907
            ],
            [
              76.18710362994713,
              22.69399285740703
            ],
            [
              76.18540921089972,
              22.695049632802814
            ],
            [
              76.18391986633036,
              22.6958389106203
            ],
            [
              76.18161895593215,
              22.69713203737389
            ],
            [
              76.17925114243988,
              22.69702948178251
            ],
            [
              76.17817653838492,
              22.69684216309988
            ],
            [
              76.17695032956088,
              22.69711864038409
            ],
            [
              76.17626354517122,
              22.69744867711004
            ],
            [
              76.17558135653347,
              22.69763142111558
            ],
            [
              76.17460481162578,
              22.697760776764255
            ],
            [
              76.17320468106628,
              22.6976314343134
            ],
            [
              76.17154582161596,
              22.697310443365105
            ],
            [
              76.16908442771759,
              22.69599941700315
            ],
            [
              76.16854045257399,
              22.69546879909942
            ],
            [
              76.16760843675435,
              22.695401893218218
            ],
            [
              76.16626183638739,
              22.694041925899636
            ],
            [
              76.1648482631167,
              22.69360039296747
            ],
            [
              76.1641170133433,
              22.69359148476937
            ],
            [
              76.16200338124561,
              22.692565920697678
            ],
            [
              76.16021523781878,
              22.6926015997119
            ],
            [
              76.15856099620075,
              22.69252134509349
            ],
            [
              76.15791436721243,
              22.69199069799179
            ],
            [
              76.15773603506453,
              22.691932685246208
            ],
            [
              76.15600586492842,
              22.69212891583138
            ],
            [
              76.1539591599281,
              22.692499071390326
            ],
            [
              76.15278642838405,
              22.692592650717497
            ],
            [
              76.15174744187887,
              22.692699735271017
            ],
            [
              76.15014661749191,
              22.69261054298948
            ],
            [
              76.14978993256636,
              22.692722026457783
            ],
            [
              76.14811778257162,
              22.693270499642914
            ],
            [
              76.14743996413986,
              22.693439869513647
            ],
            [
              76.14502758605997,
              22.693859056169067
            ],
            [
              76.14362299240949,
              22.69425149705622
            ],
            [
              76.14199093138568,
              22.694911375745537
            ],
            [
              76.14038123363649,
              22.695642713399835
            ],
            [
              76.13912371866924,
              22.69677979771905
            ],
            [
              76.13822742030658,
              22.697511091412508
            ],
            [
              76.13701014018595,
              22.69901378114558
            ],
            [
              76.13580169645637,
              22.699111890349656
            ],
            [
              76.13437028854953,
              22.699959106999707
            ],
            [
              76.13347404737301,
              22.70074839096788
            ],
            [
              76.1322344290547,
              22.701479622678978
            ],
            [
              76.13104381507412,
              22.702099519929135
            ],
            [
              76.1297997508151,
              22.70312059319368
            ],
            [
              76.12798490603654,
              22.703843030361075
            ],
            [
              76.12668728428515,
              22.704230939565402
            ],
            [
              76.12531391171596,
              22.7049087514051
            ],
            [
              76.12107771080117,
              22.70501123785887
            ],
            [
              76.12016359718365,
              22.705109361292692
            ],
            [
              76.11871892948406,
              22.705430396693757
            ],
            [
              76.11582043419257,
              22.704690222563315
            ],
            [
              76.11422856718245,
              22.704369157399565
            ],
            [
              76.11234237100675,
              22.704177393380355
            ],
            [
              76.11104477750887,
              22.703678026100373
            ],
            [
              76.10872599750871,
              22.703628904398197
            ],
            [
              76.10762906742073,
              22.70338811965873
            ],
            [
              76.10531040646748,
              22.703290093376214
            ],
            [
              76.10394142056664,
              22.70373147779108
            ],
            [
              76.10208198480709,
              22.704569845698153
            ],
            [
              76.10143986653091,
              22.70555077820544
            ],
            [
              76.10051686047765,
              22.7072675673064
            ],
            [
              76.10009765615204,
              22.708841656956245
            ],
            [
              76.09918357918983,
              22.71090177194151
            ],
            [
              76.09877782228416,
              22.712520371214975
            ],
            [
              76.09823825665798,
              22.714072163975292
            ],
            [
              76.09787701110562,
              22.715409868303208
            ],
            [
              76.09715469413679,
              22.717139998092858
            ],
            [
              76.09649025119798,
              22.718629398095793
            ],
            [
              76.09583474339712,
              22.71955237593652
            ],
            [
              76.09517038255254,
              22.71953899593626
            ],
            [
              76.09393519557891,
              22.719472150200556
            ],
            [
              76.09290956686421,
              22.71939182891267
            ],
            [
              76.09216492144503,
              22.71878992072188
            ],
            [
              76.09171453909836,
              22.71825927032839
            ],
            [
              76.09079598108563,
              22.717902518491766
            ],
            [
              76.09039471293977,
              22.718990552103783
            ],
            [
              76.09068898226175,
              22.719761969123628
            ],
            [
              76.0910724607036,
              22.72074301771131
            ],
            [
              76.09137124214759,
              22.721509938647362
            ],
            [
              76.0929095668642,
              22.72310630965022
            ],
            [
              76.09361863121462,
              22.72421220325857
            ],
            [
              76.0938861666478,
              22.72521097209666
            ],
            [
              76.09395749754175,
              22.72688315554246
            ],
            [
              76.09381926071352,
              22.72769918658315
            ],
            [
              76.09356508866526,
              22.729612135339757
            ],
            [
              76.09274460179113,
              22.73069120227184
            ],
            [
              76.09162984333352,
              22.730909749545184
            ],
            [
              76.090559680842,
              22.731467122570088
            ],
            [
              76.08912832987124,
              22.73238125355607
            ],
            [
              76.08788423805369,
              22.733170477449846
            ],
            [
              76.08730453714949,
              22.733451434507455
            ],
            [
              76.08596236526766,
              22.73528409028369
            ],
            [
              76.08524441076105,
              22.738628443957825
            ],
            [
              76.08487879417036,
              22.740478950185736
            ],
            [
              76.08486091601627,
              22.741638321208587
            ],
            [
              76.08506155833474,
              22.744719542732394
            ],
            [
              76.08474948727061,
              22.747051687916045
            ],
            [
              76.08479400567629,
              22.749321351226797
            ],
            [
              76.08412074069,
              22.75098017806657
            ],
            [
              76.08259568193625,
              22.752799460521572
            ],
            [
              76.08204720184105,
              22.754939794725114
            ],
            [
              76.08107963406202,
              22.756322130880445
            ],
            [
              76.07826150535661,
              22.758132543454163
            ],
            [
              76.076682920859,
              22.75961296527153
            ],
            [
              76.07586693558355,
              22.76053154523425
            ],
            [
              76.07573762019241,
              22.762199204539346
            ],
            [
              76.07625488102629,
              22.764901450043265
            ],
            [
              76.0758892404847,
              22.7673227786743
            ],
            [
              76.07582232577039,
              22.769400678763464
            ],
            [
              76.07572868052023,
              22.770800856101797
            ],
            [
              76.07509546701112,
              22.772348176614678
            ],
            [
              76.07459165568683,
              22.77362350304632
            ],
            [
              76.07376220402931,
              22.774421669207552
            ],
            [
              76.07301311751645,
              22.77509941650231
            ],
            [
              76.0721658650338,
              22.776370304275673
            ],
            [
              76.07060075325838,
              22.77708818555247
            ],
            [
              76.069963090347,
              22.77794876197696
            ],
            [
              76.06806796420524,
              22.78012037252006
            ],
            [
              76.06759085920554,
              22.781217345698423
            ],
            [
              76.06642252032341,
              22.783290772552668
            ],
            [
              76.06577156032793,
              22.78490055445803
            ],
            [
              76.0651026280062,
              22.786340814034787
            ],
            [
              76.06503128211466,
              22.786920471881192
            ],
            [
              76.06481281828604,
              22.788021904780535
            ],
            [
              76.0646210867794,
              22.78858822423865
            ],
            [
              76.0641617621521,
              22.789341817893824
            ],
            [
              76.06417964300074,
              22.79004185699539
            ],
            [
              76.0635375243355,
              22.791241351214172
            ],
            [
              76.06327887022975,
              22.79193254171071
            ],
            [
              76.06281068912799,
              22.793261341285245
            ],
            [
              76.06240933918968,
              22.79424234009827
            ],
            [
              76.06173153845522,
              22.79504942216062
            ],
            [
              76.06066140849255,
              22.796592325638525
            ],
            [
              76.06012629612968,
              22.79803261919631
            ],
            [
              76.05922558534488,
              22.799530804191026
            ],
            [
              76.05851652042337,
              22.800672325520036
            ],
            [
              76.05767820799555,
              22.801769272027865
            ],
            [
              76.05722788959227,
              22.802799358814106
            ],
            [
              76.05538180775747,
              22.804511630567635
            ],
            [
              76.0538880337755,
              22.805176028529516
            ],
            [
              76.05285794527856,
              22.805568423289195
            ],
            [
              76.05168071714432,
              22.806652040503664
            ],
            [
              76.05043221402208,
              22.807838137018425
            ],
            [
              76.04929958359293,
              22.808881540328414
            ],
            [
              76.04767649043441,
              22.80988040355333
            ],
            [
              76.0466464440387,
              22.811708603130814
            ],
            [
              76.04657066206616,
              22.812529119598352
            ],
            [
              76.0455940801397,
              22.81418790781572
            ],
            [
              76.04503668788094,
              22.816038466242997
            ],
            [
              76.04428753355515,
              22.81829026804442
            ],
            [
              76.0431683095974,
              22.820760624915422
            ],
            [
              76.042298828683,
              22.822900968637768
            ],
            [
              76.0403679966199,
              22.825299937070156
            ],
            [
              76.03804040901387,
              22.827511691835312
            ],
            [
              76.0369568146172,
              22.82859971444894
            ],
            [
              76.0356502747924,
              22.830370000661336
            ],
            [
              76.03527124578063,
              22.831119099192808
            ],
            [
              76.03456223473592,
              22.833718797577717
            ],
            [
              76.03375963479948,
              22.83550244000162
            ],
            [
              76.03295703019967,
              22.837812258358333
            ],
            [
              76.03331818071192,
              22.839671648171834
            ],
            [
              76.03350995576562,
              22.84107181061309
            ],
            [
              76.03362142599998,
              22.842110800586948
            ],
            [
              76.03363922227211,
              22.842868839654457
            ],
            [
              76.0333716581775,
              22.843912272107765
            ],
            [
              76.03234168209204,
              22.845459597555806
            ],
            [
              76.03217221739806,
              22.846552054200956
            ],
            [
              76.03211422394669,
              22.846730444417794
            ],
            [
              76.03151666863093,
              22.847528554526903
            ],
            [
              76.03063826028162,
              22.847978955893947
            ],
            [
              76.02963943033576,
              22.848661256759026
            ],
            [
              76.02894384872474,
              22.849401416993565
            ],
            [
              76.02805196560342,
              22.850239755694155
            ],
            [
              76.0269683814058,
              22.851037881067228
            ],
            [
              76.02665626720609,
              22.851439196557372
            ],
            [
              76.02526949766724,
              22.85250942122443
            ],
            [
              76.02419483468188,
              22.853481529415756
            ],
            [
              76.0234902826202,
              22.853927414775494
            ],
            [
              76.02243800791017,
              22.854257351771903
            ],
            [
              76.0216843922498,
              22.854288614321565
            ],
            [
              76.01957520288065,
              22.854600697585234
            ],
            [
              76.01843815761114,
              22.85515810056204
            ],
            [
              76.01740364284765,
              22.8559474047708
            ],
            [
              76.01641817688942,
              22.857160284532334
            ],
            [
              76.01534353371983,
              22.858118937090726
            ],
            [
              76.0138185107824,
              22.85889934377643
            ],
            [
              76.01309167940285,
              22.85930063747128
            ],
            [
              76.01180297886553,
              22.860669598629666
            ],
            [
              76.01136605946427,
              22.86078107747197
            ],
            [
              76.00974287499832,
              22.861391901842815
            ],
            [
              76.00762934167217,
              22.86222131768044
            ],
            [
              76.00522584133842,
              22.862609266409258
            ],
            [
              76.00304980562541,
              22.863309358290422
            ],
            [
              76.00186365164782,
              22.864352816791538
            ],
            [
              76.00071769364736,
              22.865231260238705
            ],
            [
              75.9999775095626,
              22.865819863776398
            ],
            [
              75.99859516669105,
              22.86773280058982
            ],
            [
              75.99803776219215,
              22.86878064373094
            ],
            [
              75.99439022337516,
              22.8703993236457
            ],
            [
              75.99362325915956,
              22.87467118910341
            ],
            [
              75.99180396059499,
              22.875219610407097
            ],
            [
              75.9854140857022,
              22.874372406148257
            ],
            [
              75.98346545508828,
              22.875420297201412
            ],
            [
              75.98118686625992,
              22.88124833153288
            ],
            [
              75.97886811626864,
              22.884588195106204
            ],
            [
              75.97979113910434,
              22.886840037147135
            ],
            [
              75.98219454811856,
              22.887682806790956
            ],
            [
              75.98409864567645,
              22.889948044480914
            ],
            [
              75.98184229872827,
              22.895718129434947
            ],
            [
              75.98232386248112,
              22.899040103112178
            ],
            [
              75.9811689746817,
              22.910999460773883
            ],
            [
              75.97815022507045,
              22.925268564075598
            ],
            [
              75.97506896389544,
              22.930521360900833
            ],
            [
              75.97249607143287,
              22.93246109349075
            ],
            [
              75.9679254761504,
              22.934160031873144
            ],
            [
              75.96614632351135,
              22.936572360839108
            ],
            [
              75.9651697065504,
              22.941183089749938
            ],
            [
              75.9660571216836,
              22.946132715173984
            ],
            [
              75.9651162028023,
              22.948041198975428
            ],
            [
              75.9633860895816,
              22.948879519168607
            ],
            [
              75.96169165448548,
              22.94780931989655
            ],
            [
              75.95498068155223,
              22.94994971540428
            ],
            [
              75.94943358283402,
              22.957918094523922
            ],
            [
              75.9471505398203,
              22.959322768103213
            ],
            [
              75.94534906233936,
              22.962408413036886
            ],
            [
              75.9425665340434,
              22.96379970016869
            ],
            [
              75.93937825755484,
              22.967977797007755
            ],
            [
              75.93689906679299,
              22.968668957235227
            ],
            [
              75.93551671858289,
              22.971781440212204
            ],
            [
              75.9257824817187,
              22.97684253534277
            ],
            [
              75.92397213435873,
              22.98022253945206
            ],
            [
              75.92449385988442,
              22.98283114242245
            ],
            [
              75.92230442499435,
              22.983798703940476
            ],
            [
              75.91551765983088,
              22.980311689906912
            ],
            [
              75.91256129589507,
              22.981760930205592
            ],
            [
              75.9111164990452,
              22.987232233765454
            ],
            [
              75.91116107316418,
              22.990554305988713
            ],
            [
              75.90515026303494,
              22.99412154405285
            ],
            [
              75.9011058396806,
              22.99529879134227
            ],
            [
              75.89972801332846,
              22.999410017082575
            ],
            [
              75.8992330489389,
              23.00374874249561
            ]
          ]
        ]
      },
      "id": "000100000000000017d6",
      "properties": {
        "ADM0_CODE": 115,
        "ADM0_NAME": "India",
        "ADM1_CODE": 70079,
        "ADM1_NAME": "Madhya Pradesh",
        "ADM2_CODE": 17729,
        "ADM2_NAME": "Indore",
        "DISP_AREA": "NO",
        "EXP2_YEAR": 3000,
        "STATUS": "Member State",
        "STR2_YEAR": 1000,
        "Shape_Area": 0.343563426086,
        "Shape_Leng": 4.1847979079
      }
    }
  ],
  "name": "Indore district boundary",
  "source": "FAO GAUL 2015 level 2 via Google Earth Engine",
  "source_dataset": "FAO/GAUL/2015/level2",
  "coordinate_reference_system": "WGS84 (EPSG:4326)"
}
