{"type":"FeatureCollection","features":[{"type":"Feature","geometry":{"type":"Point","coordinates":[79.84991943260357,23.14507806097742]},"id":"0","properties":{"label":5}},{"type":"Feature","geometry":{"type":"Point","coordinates":[79.8498336019151,23.143420680453897]},"id":"1","properties":{"label":5}},{"type":"Feature","geometry":{"type":"Point","coordinates":[79.85721504112408,23.144959677333926]},"id":"2","properties":{"label":5}},{"type":"Feature","geometry":{"type":"Point","coordinates":[79.85794460197613,23.138369489612526]},"id":"3","properties":{"label":5}},{"type":"Feature","geometry":{"type":"Point","coordinates":[79.85077773948834,23.13789593071397]},"id":"4","properties":{"label":5}},{"type":"Feature","geometry":{"type":"Point","coordinates":[79.85665714164898,23.133318108469524]},"id":"5","properties":{"label":5}},{"type":"Feature","geometry":{"type":"Point","coordinates":[79.85382472892925,23.132568277862596]},"id":"6","properties":{"label":5}},{"type":"Feature","geometry":{"type":"Point","coordinates":[79.85781585594341,23.147603553796156]},"id":"7","properties":{"label":5}},{"type":"Feature","geometry":{"type":"Point","coordinates":[79.85210811515972,23.143341757060668]},"id":"8","properties":{"label":5}},{"type":"Feature","geometry":{"type":"Point","coordinates":[79.86240779777691,23.145591055557627]},"id":"9","properties":{"label":5}},{"type":"Feature","geometry":{"type":"Point","coordinates":[79.86223613639996,23.14397314290541]},"id":"10","properties":{"label":5}},{"type":"Feature","geometry":{"type":"Point","coordinates":[79.8547688665025,23.146735421007353]},"id":"11","properties":{"label":5}},{"type":"Feature","geometry":{"type":"Point","coordinates":[79.85326682945416,23.149063582622766]},"id":"12","properties":{"label":5}},{"type":"Feature","geometry":{"type":"Point","coordinates":[79.85142146965191,23.147603553796156]},"id":"13","properties":{"label":5}},{"type":"Feature","geometry":{"type":"Point","coordinates":[79.84992691984657,23.15142283943924]},"id":"14","properties":{"label":5}},{"type":"Feature","geometry":{"type":"Point","coordinates":[79.8472661685038,23.15043635258613]},"id":"15","properties":{"label":5}},{"type":"Feature","geometry":{"type":"Point","coordinates":[79.84529206266883,23.148700118086005]},"id":"16","properties":{"label":5}},{"type":"Feature","geometry":{"type":"Point","coordinates":[79.84610745420936,23.14727954585434]},"id":"17","properties":{"label":5}},{"type":"Feature","geometry":{"type":"Point","coordinates":[79.84194466581825,23.14649033255254]},"id":"18","properties":{"label":5}},{"type":"Feature","geometry":{"type":"Point","coordinates":[79.83743855467323,23.146963861091297]},"id":"19","properties":{"label":5}},{"type":"Feature","geometry":{"type":"Point","coordinates":[79.8397559832621,23.14404374178394]},"id":"20","properties":{"label":5}},{"type":"Feature","geometry":{"type":"Point","coordinates":[79.83271786680702,23.14483296949197]},"id":"21","properties":{"label":5}},{"type":"Feature","geometry":{"type":"Point","coordinates":[79.83065793028358,23.141597106358493]},"id":"22","properties":{"label":5}},{"type":"Feature","geometry":{"type":"Point","coordinates":[79.82881257048133,23.139860757354132]},"id":"23","properties":{"label":5}},{"type":"Feature","geometry":{"type":"Point","coordinates":[79.83409115782264,23.151896350549087]},"id":"24","properties":{"label":5}},{"type":"Feature","geometry":{"type":"Point","coordinates":[79.83241745939735,23.149726077555034]},"id":"25","properties":{"label":5}},{"type":"Feature","geometry":{"type":"Point","coordinates":[79.85288807859901,23.152251482783335]},"id":"26","properties":{"label":5}},{"type":"Feature","geometry":{"type":"Point","coordinates":[79.84893986692909,23.153435250099474]},"id":"27","properties":{"label":5}},{"type":"Feature","geometry":{"type":"Point","coordinates":[79.84542080870155,23.153987671267796]},"id":"28","properties":{"label":5}},{"type":"Feature","geometry":{"type":"Point","coordinates":[79.84636494627479,23.152251482783335]},"id":"29","properties":{"label":5}},{"type":"Feature","geometry":{"type":"Point","coordinates":[79.83537861814979,23.149686617720693]},"id":"30","properties":{"label":5}},{"type":"Feature","geometry":{"type":"Point","coordinates":[79.83482071867469,23.148700118086005]},"id":"31","properties":{"label":5}},{"type":"Feature","geometry":{"type":"Point","coordinates":[79.83537861814979,23.145503809390053]},"id":"32","properties":{"label":5}},{"type":"Feature","geometry":{"type":"Point","coordinates":[79.83503529539588,23.144596201667486]},"id":"33","properties":{"label":5}},{"type":"Feature","geometry":{"type":"Point","coordinates":[79.83658024778846,23.142780967785587]},"id":"34","properties":{"label":5}},{"type":"Feature","geometry":{"type":"Point","coordinates":[79.84314629545692,23.144122664763852]},"id":"35","properties":{"label":5}},{"type":"Feature","geometry":{"type":"Point","coordinates":[79.84490582457069,23.144398894827606]},"id":"36","properties":{"label":5}},{"type":"Feature","geometry":{"type":"Point","coordinates":[79.84602162352088,23.143175585937936]},"id":"37","properties":{"label":5}},{"type":"Feature","geometry":{"type":"Point","coordinates":[79.84979817381385,23.14727954585434]},"id":"38","properties":{"label":5}},{"type":"Feature","geometry":{"type":"Point","coordinates":[79.85632130613807,23.150317973675726]},"id":"39","properties":{"label":5}},{"type":"Feature","geometry":{"type":"Point","coordinates":[79.86228653898719,23.151580676661776]},"id":"40","properties":{"label":5}},{"type":"Feature","geometry":{"type":"Point","coordinates":[79.86065575590614,23.141241945891664]},"id":"41","properties":{"label":5}},{"type":"Feature","geometry":{"type":"Point","coordinates":[79.8469119927182,23.12930650304536]},"id":"42","properties":{"label":5}},{"type":"Feature","geometry":{"type":"Point","coordinates":[79.84382208793305,23.127964657813173]},"id":"43","properties":{"label":5}},{"type":"Feature","geometry":{"type":"Point","coordinates":[79.84699782340668,23.127609461240244]},"id":"44","properties":{"label":5}},{"type":"Feature","geometry":{"type":"Point","coordinates":[79.83386572806977,23.127412129404462]},"id":"45","properties":{"label":5}},{"type":"Feature","geometry":{"type":"Point","coordinates":[79.83124789207123,23.12729373016366]},"id":"46","properties":{"label":5}},{"type":"Feature","geometry":{"type":"Point","coordinates":[79.83077582328461,23.125201993012777]},"id":"47","properties":{"label":5}},{"type":"Feature","geometry":{"type":"Point","coordinates":[79.82970293967865,23.12476785480034]},"id":"48","properties":{"label":5}},{"type":"Feature","geometry":{"type":"Point","coordinates":[79.82704218833588,23.124294247875508]},"id":"49","properties":{"label":5}},{"type":"Feature","geometry":{"type":"Point","coordinates":[79.83253535239838,23.12350489928574]},"id":"50","properties":{"label":5}},{"type":"Feature","geometry":{"type":"Point","coordinates":[79.83326491325043,23.12484678912526]},"id":"51","properties":{"label":5}},{"type":"Feature","geometry":{"type":"Point","coordinates":[79.83845766990326,23.12362330187025]},"id":"52","properties":{"label":5}},{"type":"Feature","geometry":{"type":"Point","coordinates":[79.83601149528168,23.121649911821116]},"id":"53","properties":{"label":5}},{"type":"Feature","geometry":{"type":"Point","coordinates":[79.83489569633149,23.121413103064935]},"id":"54","properties":{"label":5}},{"type":"Feature","geometry":{"type":"Point","coordinates":[79.83352240531586,23.121926188175134]},"id":"55","properties":{"label":5}},{"type":"Feature","geometry":{"type":"Point","coordinates":[79.83343657462738,23.120347458490595]},"id":"56","properties":{"label":5}},{"type":"Feature","geometry":{"type":"Point","coordinates":[79.84558161704682,23.120623737526152]},"id":"57","properties":{"label":5}},{"type":"Feature","geometry":{"type":"Point","coordinates":[79.84073218314789,23.123110223249448]},"id":"58","properties":{"label":5}},{"type":"Feature","geometry":{"type":"Point","coordinates":[79.8401742836728,23.124491584297356]},"id":"59","properties":{"label":5}},{"type":"Feature","geometry":{"type":"Point","coordinates":[79.84124716727875,23.11880817916587]},"id":"60","properties":{"label":5}},{"type":"Feature","geometry":{"type":"Point","coordinates":[79.83957346885346,23.121373634898276]},"id":"61","properties":{"label":5}},{"type":"Feature","geometry":{"type":"Point","coordinates":[79.83726418396294,23.118227624900662]},"id":"62","properties":{"label":5}},{"type":"Feature","geometry":{"type":"Point","coordinates":[79.83902371307671,23.1168067298614]},"id":"63","properties":{"label":5}},{"type":"Feature","geometry":{"type":"Point","coordinates":[79.84310067077935,23.117122485614548]},"id":"64","properties":{"label":5}},{"type":"Feature","geometry":{"type":"Point","coordinates":[79.84769261261285,23.11909594224147]},"id":"65","properties":{"label":5}},{"type":"Feature","geometry":{"type":"Point","coordinates":[79.84958088775933,23.117911871747477]},"id":"66","properties":{"label":5}},{"type":"Feature","geometry":{"type":"Point","coordinates":[79.85215580841363,23.115543699420584]},"id":"67","properties":{"label":5}},{"type":"Feature","geometry":{"type":"Point","coordinates":[79.85082543274224,23.115543699420584]},"id":"68","properties":{"label":5}},{"type":"Feature","geometry":{"type":"Point","coordinates":[79.84928048034966,23.114399067817875]},"id":"69","properties":{"label":5}},{"type":"Feature","geometry":{"type":"Point","coordinates":[79.85434449096978,23.114754299359806]},"id":"70","properties":{"label":5}},{"type":"Feature","geometry":{"type":"Point","coordinates":[79.83829415222466,23.115070059941214]},"id":"71","properties":{"label":5}},{"type":"Feature","geometry":{"type":"Point","coordinates":[79.8400107659942,23.111320355077204]},"id":"72","properties":{"label":5}},{"type":"Feature","geometry":{"type":"Point","coordinates":[79.83958161255181,23.1100967445098]},"id":"73","properties":{"label":5}},{"type":"Feature","geometry":{"type":"Point","coordinates":[79.83975327392876,23.10895206646404]},"id":"74","properties":{"label":5}},{"type":"Feature","geometry":{"type":"Point","coordinates":[79.80704230700722,23.10681621374132]},"id":"75","properties":{"label":5}},{"type":"Feature","geometry":{"type":"Point","coordinates":[79.80888766680947,23.106105707710153]},"id":"76","properties":{"label":5}},{"type":"Feature","geometry":{"type":"Point","coordinates":[79.80639857684365,23.105513616479207]},"id":"77","properties":{"label":5}},{"type":"Feature","geometry":{"type":"Point","coordinates":[79.8051111165165,23.10369785375977]},"id":"78","properties":{"label":5}},{"type":"Feature","geometry":{"type":"Point","coordinates":[79.80326575671425,23.10294785764634]},"id":"79","properties":{"label":5}},{"type":"Feature","geometry":{"type":"Point","coordinates":[79.80781478320351,23.10235575249317]},"id":"80","properties":{"label":5}},{"type":"Feature","geometry":{"type":"Point","coordinates":[79.80764312182656,23.101487326880225]},"id":"81","properties":{"label":5}},{"type":"Feature","geometry":{"type":"Point","coordinates":[79.80515403186074,23.100342575448053]},"id":"82","properties":{"label":5}},{"type":"Feature","geometry":{"type":"Point","coordinates":[79.80863017474404,23.099197814260005]},"id":"83","properties":{"label":5}},{"type":"Feature","geometry":{"type":"Point","coordinates":[79.80983180438271,23.097658292453303]},"id":"84","properties":{"label":5}},{"type":"Feature","geometry":{"type":"Point","coordinates":[79.81124801074257,23.099158339562283]},"id":"85","properties":{"label":5}},{"type":"Feature","geometry":{"type":"Point","coordinates":[79.81202048693886,23.101526800893534]},"id":"86","properties":{"label":5}},{"type":"Feature","geometry":{"type":"Point","coordinates":[79.81305045520058,23.10563203493424]},"id":"87","properties":{"label":5}},{"type":"Feature","geometry":{"type":"Point","coordinates":[79.81468123828164,23.106421488632556]},"id":"88","properties":{"label":5}},{"type":"Feature","geometry":{"type":"Point","coordinates":[79.81189174090615,23.09643455740629]},"id":"89","properties":{"label":5}},{"type":"Feature","geometry":{"type":"Point","coordinates":[79.80837268267861,23.09623717974189]},"id":"90","properties":{"label":5}},{"type":"Feature","geometry":{"type":"Point","coordinates":[79.81468123828164,23.09627665529797]},"id":"91","properties":{"label":5}},{"type":"Feature","geometry":{"type":"Point","coordinates":[79.80588359271279,23.09505290766628]},"id":"92","properties":{"label":5}},{"type":"Feature","geometry":{"type":"Point","coordinates":[79.80502528582802,23.094934479884593]},"id":"93","properties":{"label":5}},{"type":"Feature","geometry":{"type":"Point","coordinates":[79.80266494189492,23.095802947859546]},"id":"94","properties":{"label":5}},{"type":"Feature","geometry":{"type":"Point","coordinates":[79.80176371966591,23.095408190385026]},"id":"95","properties":{"label":5}},{"type":"Feature","geometry":{"type":"Point","coordinates":[79.80798644458046,23.093355432821166]},"id":"96","properties":{"label":5}},{"type":"Feature","geometry":{"type":"Point","coordinates":[79.80562610064736,23.093671243718376]},"id":"97","properties":{"label":5}},{"type":"Feature","geometry":{"type":"Point","coordinates":[79.80021876727334,23.09430286328603]},"id":"98","properties":{"label":5}},{"type":"Feature","geometry":{"type":"Point","coordinates":[79.79884547625771,23.09568452073897]},"id":"99","properties":{"label":5}},{"type":"Feature","geometry":{"type":"Point","coordinates":[79.79566974078408,23.094697624008074]},"id":"100","properties":{"label":5}},{"type":"Feature","geometry":{"type":"Point","coordinates":[79.81090468798867,23.093750196326692]},"id":"101","properties":{"label":5}},{"type":"Feature","geometry":{"type":"Point","coordinates":[79.81056136523476,23.09173689032329]},"id":"102","properties":{"label":5}},{"type":"Feature","geometry":{"type":"Point","coordinates":[79.80863017474404,23.09181584406816]},"id":"103","properties":{"label":5}},{"type":"Feature","geometry":{"type":"Point","coordinates":[79.80596942340127,23.091618459619017]},"id":"104","properties":{"label":5}},{"type":"Feature","geometry":{"type":"Point","coordinates":[79.80438155566445,23.091657936532037]},"id":"105","properties":{"label":5}},{"type":"Feature","geometry":{"type":"Point","coordinates":[79.80227870379677,23.092407995676055]},"id":"106","properties":{"label":5}},{"type":"Feature","geometry":{"type":"Point","coordinates":[79.80142039691201,23.09086839606815]},"id":"107","properties":{"label":5}},{"type":"Feature","geometry":{"type":"Point","coordinates":[79.799617952454,23.092447472357147]},"id":"108","properties":{"label":5}},{"type":"Feature","geometry":{"type":"Point","coordinates":[79.79730052386513,23.092289565563224]},"id":"109","properties":{"label":5}},{"type":"Feature","geometry":{"type":"Point","coordinates":[79.80446738635293,23.0901972830267]},"id":"110","properties":{"label":5}},{"type":"Feature","geometry":{"type":"Point","coordinates":[79.80798644458046,23.088855046889776]},"id":"111","properties":{"label":5}},{"type":"Feature","geometry":{"type":"Point","coordinates":[79.81017512713662,23.088618180297626]},"id":"112","properties":{"label":5}},{"type":"Feature","geometry":{"type":"Point","coordinates":[79.80794352923623,23.087512797348033]},"id":"113","properties":{"label":5}},{"type":"Feature","geometry":{"type":"Point","coordinates":[79.80631274615517,23.08735488475597]},"id":"114","properties":{"label":5}},{"type":"Feature","geometry":{"type":"Point","coordinates":[79.80459613238564,23.087591753574475]},"id":"115","properties":{"label":5}},{"type":"Feature","geometry":{"type":"Point","coordinates":[79.80026168261757,23.08771018782719]},"id":"116","properties":{"label":5}},{"type":"Feature","geometry":{"type":"Point","coordinates":[79.79820174609414,23.08735488475597]},"id":"117","properties":{"label":5}},{"type":"Feature","geometry":{"type":"Point","coordinates":[79.79785842334023,23.085380961702008]},"id":"118","properties":{"label":5}},{"type":"Feature","geometry":{"type":"Point","coordinates":[79.79695720111123,23.085144088987622]},"id":"119","properties":{"label":5}},{"type":"Feature","geometry":{"type":"Point","coordinates":[79.79403895770302,23.083643885436977]},"id":"120","properties":{"label":5}},{"type":"Feature","geometry":{"type":"Point","coordinates":[79.79429644976845,23.08166990789034]},"id":"121","properties":{"label":5}},{"type":"Feature","geometry":{"type":"Point","coordinates":[79.79863089953652,23.082656900286608]},"id":"122","properties":{"label":5}},{"type":"Feature","geometry":{"type":"Point","coordinates":[79.79970378314248,23.084512426375284]},"id":"123","properties":{"label":5}},{"type":"Feature","geometry":{"type":"Point","coordinates":[79.80193538104287,23.084946694740104]},"id":"124","properties":{"label":5}},{"type":"Feature","geometry":{"type":"Point","coordinates":[79.8047677937626,23.08581522726097]},"id":"125","properties":{"label":5}},{"type":"Feature","geometry":{"type":"Point","coordinates":[79.8062269154667,23.0840386774682]},"id":"126","properties":{"label":5}},{"type":"Feature","geometry":{"type":"Point","coordinates":[79.80807227526894,23.08502565247388]},"id":"127","properties":{"label":5}},{"type":"Feature","geometry":{"type":"Point","coordinates":[79.80953139697304,23.08676271088346]},"id":"128","properties":{"label":5}},{"type":"Feature","geometry":{"type":"Point","coordinates":[79.81077594195595,23.08609157734075]},"id":"129","properties":{"label":5}},{"type":"Feature","geometry":{"type":"Point","coordinates":[79.83888549243203,23.084117635735332]},"id":"130","properties":{"label":5}},{"type":"Feature","geometry":{"type":"Point","coordinates":[79.84013003741494,23.083288571617583]},"id":"131","properties":{"label":5}},{"type":"Feature","geometry":{"type":"Point","coordinates":[79.83781260882607,23.082814818397605]},"id":"132","properties":{"label":5}},{"type":"Feature","geometry":{"type":"Point","coordinates":[79.81794280444375,23.06575859081854]},"id":"133","properties":{"label":5}},{"type":"Feature","geometry":{"type":"Point","coordinates":[79.810604280579,23.061059851909526]},"id":"134","properties":{"label":5}},{"type":"Feature","geometry":{"type":"Point","coordinates":[79.8074714604496,23.059125029379025]},"id":"135","properties":{"label":5}},{"type":"Feature","geometry":{"type":"Point","coordinates":[79.80609816943398,23.059204002271674]},"id":"136","properties":{"label":5}},{"type":"Feature","geometry":{"type":"Point","coordinates":[79.80317992602578,23.058177351052844]},"id":"137","properties":{"label":5}},{"type":"Feature","geometry":{"type":"Point","coordinates":[79.80498237048378,23.056795308200126]},"id":"138","properties":{"label":5}},{"type":"Feature","geometry":{"type":"Point","coordinates":[79.8076860371708,23.05636094894434]},"id":"139","properties":{"label":5}},{"type":"Feature","geometry":{"type":"Point","coordinates":[79.81141967211953,23.055650176229868]},"id":"140","properties":{"label":5}},{"type":"Feature","geometry":{"type":"Point","coordinates":[79.81189174090615,23.05699274376213]},"id":"141","properties":{"label":5}},{"type":"Feature","geometry":{"type":"Point","coordinates":[79.8137371007084,23.05521581327908]},"id":"142","properties":{"label":5}},{"type":"Feature","geometry":{"type":"Point","coordinates":[79.82073230181923,23.06019115952016]},"id":"143","properties":{"label":5}},{"type":"Feature","geometry":{"type":"Point","coordinates":[79.82107562457314,23.061454710232912]},"id":"144","properties":{"label":5}},{"type":"Feature","geometry":{"type":"Point","coordinates":[79.82026023303261,23.06216545229551]},"id":"145","properties":{"label":5}},{"type":"Feature","geometry":{"type":"Point","coordinates":[79.8245088521122,23.06129676704258]},"id":"146","properties":{"label":5}},{"type":"Feature","geometry":{"type":"Point","coordinates":[79.82296389971962,23.06157316750402]},"id":"147","properties":{"label":5}},{"type":"Feature","geometry":{"type":"Point","coordinates":[79.82330722247353,23.06402126109524]},"id":"148","properties":{"label":5}},{"type":"Feature","geometry":{"type":"Point","coordinates":[79.82442302142373,23.065521683540783]},"id":"149","properties":{"label":5}},{"type":"Feature","geometry":{"type":"Point","coordinates":[79.82356471453896,23.066943120950327]},"id":"150","properties":{"label":5}},{"type":"Feature","geometry":{"type":"Point","coordinates":[79.8021928731083,23.06346846966102]},"id":"151","properties":{"label":5}},{"type":"Feature","geometry":{"type":"Point","coordinates":[79.78009147082558,23.060586020392247]},"id":"152","properties":{"label":5}},{"type":"Feature","geometry":{"type":"Point","coordinates":[79.78030604754677,23.059598866039906]},"id":"153","properties":{"label":5}},{"type":"Feature","geometry":{"type":"Point","coordinates":[79.77923316394082,23.063389499270773]},"id":"154","properties":{"label":5}},{"type":"Feature","geometry":{"type":"Point","coordinates":[79.77927607928505,23.065403229745492]},"id":"155","properties":{"label":5}},{"type":"Feature","geometry":{"type":"Point","coordinates":[79.78206557666054,23.063705380553756]},"id":"156","properties":{"label":5}},{"type":"Feature","geometry":{"type":"Point","coordinates":[79.7822372380375,23.062836705241292]},"id":"157","properties":{"label":5}},{"type":"Feature","geometry":{"type":"Point","coordinates":[79.7834817830204,23.06327104359847]},"id":"158","properties":{"label":5}},{"type":"Feature","geometry":{"type":"Point","coordinates":[79.76331157122841,23.058177351052844]},"id":"159","properties":{"label":5}},{"type":"Feature","geometry":{"type":"Point","coordinates":[79.7651998463749,23.05801940401643]},"id":"160","properties":{"label":5}},{"type":"Feature","geometry":{"type":"Point","coordinates":[79.76421279345742,23.055531713745914]},"id":"161","properties":{"label":5}},{"type":"Feature","geometry":{"type":"Point","coordinates":[79.76824683581582,23.05801940401643]},"id":"162","properties":{"label":5}},{"type":"Feature","geometry":{"type":"Point","coordinates":[79.76725978289834,23.057979917228373]},"id":"163","properties":{"label":5}},{"type":"Feature","geometry":{"type":"Point","coordinates":[79.76605815325966,23.057585048710664]},"id":"164","properties":{"label":5}},{"type":"Feature","geometry":{"type":"Point","coordinates":[79.77065009509316,23.058256324501542]},"id":"165","properties":{"label":5}},{"type":"Feature","geometry":{"type":"Point","coordinates":[79.77219504748574,23.056874282459678]},"id":"166","properties":{"label":5}},{"type":"Feature","geometry":{"type":"Point","coordinates":[79.77301043902627,23.058809137345015]},"id":"167","properties":{"label":5}},{"type":"Feature","geometry":{"type":"Point","coordinates":[79.73526564019633,23.05705777925401]},"id":"168","properties":{"label":5}},{"type":"Feature","geometry":{"type":"Point","coordinates":[79.7341069259019,23.05934800950329]},"id":"169","properties":{"label":5}},{"type":"Feature","geometry":{"type":"Point","coordinates":[79.73728266137553,23.05919006384062]},"id":"170","properties":{"label":5}},{"type":"Feature","geometry":{"type":"Point","coordinates":[79.7410592116685,23.05954544132098]},"id":"171","properties":{"label":5}},{"type":"Feature","geometry":{"type":"Point","coordinates":[79.74474993127299,23.058913658484972]},"id":"172","properties":{"label":5}},{"type":"Feature","geometry":{"type":"Point","coordinates":[79.74530783074809,23.060966941858798]},"id":"173","properties":{"label":5}},{"type":"Feature","geometry":{"type":"Point","coordinates":[79.74852648156596,23.060137735036324]},"id":"174","properties":{"label":5}},{"type":"Feature","geometry":{"type":"Point","coordinates":[79.74650946038676,23.06029567958688]},"id":"175","properties":{"label":5}},{"type":"Feature","geometry":{"type":"Point","coordinates":[79.74977102654887,23.057215727418804]},"id":"176","properties":{"label":5}},{"type":"Feature","geometry":{"type":"Point","coordinates":[79.74818315881205,23.05701829218385]},"id":"177","properties":{"label":5}},{"type":"Feature","geometry":{"type":"Point","coordinates":[79.74526491540385,23.056623420845177]},"id":"178","properties":{"label":5}},{"type":"Feature","geometry":{"type":"Point","coordinates":[79.74260416406108,23.056741882368403]},"id":"179","properties":{"label":5}},{"type":"Feature","geometry":{"type":"Point","coordinates":[79.74148836511088,23.05689983090386]},"id":"180","properties":{"label":5}},{"type":"Feature","geometry":{"type":"Point","coordinates":[79.74178877252055,23.05563623743081]},"id":"181","properties":{"label":5}},{"type":"Feature","geometry":{"type":"Point","coordinates":[79.73955717462016,23.055241362038025]},"id":"182","properties":{"label":5}},{"type":"Feature","geometry":{"type":"Point","coordinates":[79.74011507409526,23.054293656369616]},"id":"183","properties":{"label":5}},{"type":"Feature","geometry":{"type":"Point","coordinates":[79.73582353967143,23.056149573709753]},"id":"184","properties":{"label":5}},{"type":"Feature","geometry":{"type":"Point","coordinates":[79.73483648675395,23.05587316211049]},"id":"185","properties":{"label":5}},{"type":"Feature","geometry":{"type":"Point","coordinates":[79.7269400634141,23.060058762691547]},"id":"186","properties":{"label":5}},{"type":"Feature","geometry":{"type":"Point","coordinates":[79.74462118524028,23.063849382968698]},"id":"187","properties":{"label":5}},{"type":"Feature","geometry":{"type":"Point","coordinates":[79.72642507928325,23.064283718057258]},"id":"188","properties":{"label":5}},{"type":"Feature","geometry":{"type":"Point","coordinates":[79.72912874597026,23.05701829218385]},"id":"189","properties":{"label":5}},{"type":"Feature","geometry":{"type":"Point","coordinates":[79.73002996819926,23.053424920312843]},"id":"190","properties":{"label":5}},{"type":"Feature","geometry":{"type":"Point","coordinates":[79.72161856072856,23.052674643752578]},"id":"191","properties":{"label":5}},{"type":"Feature","geometry":{"type":"Point","coordinates":[79.71895780938578,23.052595667029337]},"id":"192","properties":{"label":5}},{"type":"Feature","geometry":{"type":"Point","coordinates":[79.71861448663188,23.050858167397347]},"id":"193","properties":{"label":5}},{"type":"Feature","geometry":{"type":"Point","coordinates":[79.71320715325785,23.05263515539675]},"id":"194","properties":{"label":5}},{"type":"Feature","geometry":{"type":"Point","coordinates":[79.71612539666606,23.053187991324467]},"id":"195","properties":{"label":5}},{"type":"Feature","geometry":{"type":"Point","coordinates":[79.71355047601176,23.054925460889837]},"id":"196","properties":{"label":5}},{"type":"Feature","geometry":{"type":"Point","coordinates":[79.71372213738871,23.057334188420775]},"id":"197","properties":{"label":5}},{"type":"Feature","geometry":{"type":"Point","coordinates":[79.75504961389018,23.056702395205576]},"id":"198","properties":{"label":5}},{"type":"Feature","geometry":{"type":"Point","coordinates":[79.75560751336528,23.05520187443505]},"id":"199","properties":{"label":5}},{"type":"Feature","geometry":{"type":"Point","coordinates":[79.75191679376078,23.058044952243268]},"id":"200","properties":{"label":5}},{"type":"Feature","geometry":{"type":"Point","coordinates":[79.75286093133403,23.058044952243268]},"id":"201","properties":{"label":5}},{"type":"Feature","geometry":{"type":"Point","coordinates":[79.76281729119731,23.05500443624639]},"id":"202","properties":{"label":5}},{"type":"Feature","geometry":{"type":"Point","coordinates":[79.78061910878259,23.05887417195925]},"id":"203","properties":{"label":5}},{"type":"Feature","geometry":{"type":"Point","coordinates":[79.7774862886532,23.05982184537918]},"id":"204","properties":{"label":5}},{"type":"Feature","geometry":{"type":"Point","coordinates":[79.78499647389489,23.055991624293974]},"id":"205","properties":{"label":5}},{"type":"Feature","geometry":{"type":"Point","coordinates":[79.78461023579675,23.054649046777097]},"id":"206","properties":{"label":5}},{"type":"Feature","geometry":{"type":"Point","coordinates":[79.8003601671322,23.047027691285866]},"id":"207","properties":{"label":5}},{"type":"Feature","geometry":{"type":"Point","coordinates":[79.80250593434411,23.04758055023623]},"id":"208","properties":{"label":5}},{"type":"Feature","geometry":{"type":"Point","coordinates":[79.80555292378503,23.054372632096797]},"id":"209","properties":{"label":5}},{"type":"Feature","geometry":{"type":"Point","coordinates":[79.80242010365563,23.05603111166529]},"id":"210","properties":{"label":5}},{"type":"Feature","geometry":{"type":"Point","coordinates":[79.79804273854333,23.05539931233414]},"id":"211","properties":{"label":5}},{"type":"Feature","geometry":{"type":"Point","coordinates":[79.79516741047937,23.07555807280274]},"id":"212","properties":{"label":5}},{"type":"Feature","geometry":{"type":"Point","coordinates":[79.8012613893612,23.075913407050617]},"id":"213","properties":{"label":5}},{"type":"Feature","geometry":{"type":"Point","coordinates":[79.80284925709802,23.074965846969974]},"id":"214","properties":{"label":5}},{"type":"Feature","geometry":{"type":"Point","coordinates":[79.80229135762292,23.069398796676957]},"id":"215","properties":{"label":5}},{"type":"Feature","geometry":{"type":"Point","coordinates":[79.80456587086755,23.070820193123474]},"id":"216","properties":{"label":5}},{"type":"Feature","geometry":{"type":"Point","coordinates":[79.80808492909509,23.074176208469623]},"id":"217","properties":{"label":5}},{"type":"Feature","geometry":{"type":"Point","coordinates":[79.81400724659997,23.07330760076458]},"id":"218","properties":{"label":5}},{"type":"Feature","geometry":{"type":"Point","coordinates":[79.81435056935388,23.069991047021542]},"id":"219","properties":{"label":5}},{"type":"Feature","geometry":{"type":"Point","coordinates":[79.81143232594567,23.0685301581218]},"id":"220","properties":{"label":5}},{"type":"Feature","geometry":{"type":"Point","coordinates":[79.81765505086022,23.069280346295148]},"id":"221","properties":{"label":5}},{"type":"Feature","geometry":{"type":"Point","coordinates":[79.83349081288415,23.086572997867314]},"id":"222","properties":{"label":5}},{"type":"Feature","geometry":{"type":"Point","coordinates":[79.831302130328,23.086454562612566]},"id":"223","properties":{"label":5}},{"type":"Feature","geometry":{"type":"Point","coordinates":[79.84224554310876,23.088823247879283]},"id":"224","properties":{"label":5}},{"type":"Feature","geometry":{"type":"Point","coordinates":[79.8434042574032,23.088862725613392]},"id":"225","properties":{"label":5}},{"type":"Feature","geometry":{"type":"Point","coordinates":[79.82297655354577,23.087717866616224]},"id":"226","properties":{"label":5}},{"type":"Feature","geometry":{"type":"Point","coordinates":[79.82224699269372,23.08961280035832]},"id":"227","properties":{"label":5}},{"type":"Feature","geometry":{"type":"Point","coordinates":[79.82769724141198,23.09182352262262]},"id":"228","properties":{"label":5}},{"type":"Feature","geometry":{"type":"Point","coordinates":[79.83361955891687,23.09269201070492]},"id":"229","properties":{"label":5}},{"type":"Feature","geometry":{"type":"Point","coordinates":[79.83254667531091,23.091349799484647]},"id":"230","properties":{"label":5}},{"type":"Feature","geometry":{"type":"Point","coordinates":[79.83550783406335,23.092455150875505]},"id":"231","properties":{"label":5}},{"type":"Feature","geometry":{"type":"Point","coordinates":[79.84439509405708,23.096051830681134]},"id":"232","properties":{"label":5}},{"type":"Feature","geometry":{"type":"Point","coordinates":[79.84765666021919,23.09510441254872]},"id":"233","properties":{"label":5}},{"type":"Feature","geometry":{"type":"Point","coordinates":[79.84482424749946,23.09494650887715]},"id":"234","properties":{"label":5}},{"type":"Feature","geometry":{"type":"Point","coordinates":[79.84851496710395,23.095893928123]},"id":"235","properties":{"label":5}},{"type":"Feature","geometry":{"type":"Point","coordinates":[79.85156195654487,23.097709796336964]},"id":"236","properties":{"label":5}},{"type":"Feature","geometry":{"type":"Point","coordinates":[79.8489012052021,23.09790717183786]},"id":"237","properties":{"label":5}},{"type":"Feature","geometry":{"type":"Point","coordinates":[79.847442083498,23.097788746572117]},"id":"238","properties":{"label":5}},{"type":"Feature","geometry":{"type":"Point","coordinates":[79.84448092474555,23.098459821697627]},"id":"239","properties":{"label":5}},{"type":"Feature","geometry":{"type":"Point","coordinates":[79.85031741156196,23.09474912902672]},"id":"240","properties":{"label":5}},{"type":"Feature","geometry":{"type":"Point","coordinates":[79.84546797766303,23.09332798554427]},"id":"241","properties":{"label":5}},{"type":"Feature","geometry":{"type":"Point","coordinates":[79.85005991949653,23.100749346896254]},"id":"242","properties":{"label":5}},{"type":"Feature","geometry":{"type":"Point","coordinates":[79.85220568670844,23.101025666263926]},"id":"243","properties":{"label":5}},{"type":"Feature","geometry":{"type":"Point","coordinates":[79.85387938513374,23.100275655229204]},"id":"244","properties":{"label":5}},{"type":"Feature","geometry":{"type":"Point","coordinates":[79.85211985601997,23.103275674240773]},"id":"245","properties":{"label":5}},{"type":"Feature","geometry":{"type":"Point","coordinates":[79.8183025647602,23.101183562790244]},"id":"246","properties":{"label":5}},{"type":"Feature","geometry":{"type":"Point","coordinates":[79.81765883459663,23.09932826688382]},"id":"247","properties":{"label":5}},{"type":"Feature","geometry":{"type":"Point","coordinates":[79.82079165472602,23.099367741531605]},"id":"248","properties":{"label":5}},{"type":"Feature","geometry":{"type":"Point","coordinates":[79.82195036902046,23.098183497051924]},"id":"249","properties":{"label":5}},{"type":"Feature","geometry":{"type":"Point","coordinates":[79.81933253302192,23.09731504446523]},"id":"250","properties":{"label":5}},{"type":"Feature","geometry":{"type":"Point","coordinates":[79.82422488226509,23.099012469283885]},"id":"251","properties":{"label":5}},{"type":"Feature","geometry":{"type":"Point","coordinates":[79.82285159124946,23.092104211056913]},"id":"252","properties":{"label":5}},{"type":"Feature","geometry":{"type":"Point","coordinates":[79.8237957288227,23.09526231603473]},"id":"253","properties":{"label":5}},{"type":"Feature","geometry":{"type":"Point","coordinates":[79.82770102514839,23.09585445245448]},"id":"254","properties":{"label":5}},{"type":"Feature","geometry":{"type":"Point","coordinates":[79.8220508308707,23.105920372266443]},"id":"255","properties":{"label":5}},{"type":"Feature","geometry":{"type":"Point","coordinates":[79.82067753985507,23.105249334414683]},"id":"256","properties":{"label":5}},{"type":"Feature","geometry":{"type":"Point","coordinates":[79.82059170916659,23.10817029824044]},"id":"257","properties":{"label":5}},{"type":"Feature","geometry":{"type":"Point","coordinates":[79.82308079913241,23.108130826179814]},"id":"258","properties":{"label":5}},{"type":"Feature","geometry":{"type":"Point","coordinates":[79.8275439949332,23.11685386947224]},"id":"259","properties":{"label":5}},{"type":"Feature","geometry":{"type":"Point","coordinates":[79.8284452171622,23.116695991372552]},"id":"260","properties":{"label":5}},{"type":"Feature","geometry":{"type":"Point","coordinates":[79.80921914294345,23.110775428585747]},"id":"261","properties":{"label":5}},{"type":"Feature","geometry":{"type":"Point","coordinates":[79.80694462969882,23.1120385038911]},"id":"262","properties":{"label":5}},{"type":"Feature","geometry":{"type":"Point","coordinates":[79.80368306353671,23.11192009108603]},"id":"263","properties":{"label":5}},{"type":"Feature","geometry":{"type":"Point","coordinates":[79.80394055560214,23.113696272195327]},"id":"264","properties":{"label":5}},{"type":"Feature","geometry":{"type":"Point","coordinates":[79.80488469317538,23.11523561014691]},"id":"265","properties":{"label":5}},{"type":"Feature","geometry":{"type":"Point","coordinates":[79.8009793968497,23.101025827270753]},"id":"266","properties":{"label":5}},{"type":"Feature","geometry":{"type":"Point","coordinates":[79.79222466662509,23.10355214941499]},"id":"267","properties":{"label":5}},{"type":"Feature","geometry":{"type":"Point","coordinates":[79.78522946551425,23.098025758009616]},"id":"268","properties":{"label":5}},{"type":"Feature","geometry":{"type":"Point","coordinates":[79.79265382006747,23.096486222771354]},"id":"269","properties":{"label":5}},{"type":"Feature","geometry":{"type":"Point","coordinates":[79.7911088676749,23.113222787189557]},"id":"270","properties":{"label":5}},{"type":"Feature","geometry":{"type":"Point","coordinates":[79.78746106341464,23.113696433186952]},"id":"271","properties":{"label":5}},{"type":"Feature","geometry":{"type":"Point","coordinates":[79.79565789416415,23.115077891133765]},"id":"272","properties":{"label":5}},{"type":"Feature","geometry":{"type":"Point","coordinates":[79.79540040209872,23.110262461844396]},"id":"273","properties":{"label":5}},{"type":"Feature","geometry":{"type":"Point","coordinates":[79.77874893942321,23.122551053334615]},"id":"274","properties":{"label":5}},{"type":"Feature","geometry":{"type":"Point","coordinates":[79.78625912466491,23.122787860082546]},"id":"275","properties":{"label":5}},{"type":"Feature","geometry":{"type":"Point","coordinates":[79.77746147909606,23.11568347586164]},"id":"276","properties":{"label":5}},{"type":"Feature","geometry":{"type":"Point","coordinates":[79.78012223043883,23.11667021838154]},"id":"277","properties":{"label":5}},{"type":"Feature","geometry":{"type":"Point","coordinates":[79.77316994467223,23.117656953647266]},"id":"278","properties":{"label":5}},{"type":"Feature","geometry":{"type":"Point","coordinates":[79.77304119863952,23.112723204779346]},"id":"279","properties":{"label":5}},{"type":"Feature","geometry":{"type":"Point","coordinates":[79.78870529928649,23.120143494341594]},"id":"280","properties":{"label":5}},{"type":"Feature","geometry":{"type":"Point","coordinates":[79.78896279135192,23.118722619586094]},"id":"281","properties":{"label":5}},{"type":"Feature","geometry":{"type":"Point","coordinates":[79.76857800283874,23.117538545798407]},"id":"282","properties":{"label":5}},{"type":"Feature","geometry":{"type":"Point","coordinates":[79.77012295523132,23.116946504987183]},"id":"283","properties":{"label":5}},{"type":"Feature","geometry":{"type":"Point","coordinates":[79.76759094992126,23.115209836875486]},"id":"284","properties":{"label":5}},{"type":"Feature","geometry":{"type":"Point","coordinates":[79.76613182821715,23.115091426867806]},"id":"285","properties":{"label":5}},{"type":"Feature","geometry":{"type":"Point","coordinates":[79.76411480703796,23.11410467274175]},"id":"286","properties":{"label":5}},{"type":"Feature","geometry":{"type":"Point","coordinates":[79.75995201864684,23.111933788132237]},"id":"287","properties":{"label":5}},{"type":"Feature","geometry":{"type":"Point","coordinates":[79.75776333609069,23.11094701079566]},"id":"288","properties":{"label":5}},{"type":"Feature","geometry":{"type":"Point","coordinates":[79.76106781759704,23.10948656702728]},"id":"289","properties":{"label":5}},{"type":"Feature","geometry":{"type":"Point","coordinates":[79.77042336264098,23.110275998063983]},"id":"290","properties":{"label":5}},{"type":"Feature","geometry":{"type":"Point","coordinates":[79.773127029328,23.110315469493962]},"id":"291","properties":{"label":5}},{"type":"Feature","geometry":{"type":"Point","coordinates":[79.7716679076239,23.10719719077332]},"id":"292","properties":{"label":5}},{"type":"Feature","geometry":{"type":"Point","coordinates":[79.77029461660827,23.108420827765105]},"id":"293","properties":{"label":5}},{"type":"Feature","geometry":{"type":"Point","coordinates":[79.76656098165954,23.109604981978702]},"id":"294","properties":{"label":5}},{"type":"Feature","geometry":{"type":"Point","coordinates":[79.76767678060973,23.112210084486755]},"id":"295","properties":{"label":5}},{"type":"Feature","geometry":{"type":"Point","coordinates":[79.76218361654723,23.114894076622882]},"id":"296","properties":{"label":5}},{"type":"Feature","geometry":{"type":"Point","coordinates":[79.75840706625426,23.114144143046055]},"id":"297","properties":{"label":5}},{"type":"Feature","geometry":{"type":"Point","coordinates":[79.7685350874945,23.114657255945996]},"id":"298","properties":{"label":5}},{"type":"Feature","geometry":{"type":"Point","coordinates":[79.75514550009215,23.110552297830242]},"id":"299","properties":{"label":5}},{"type":"Feature","geometry":{"type":"Point","coordinates":[79.75390095510924,23.110315469493962]},"id":"300","properties":{"label":5}},{"type":"Feature","geometry":{"type":"Point","coordinates":[79.75029606619323,23.109644453605952]},"id":"301","properties":{"label":5}},{"type":"Feature","geometry":{"type":"Point","coordinates":[79.74875111380065,23.107552441371265]},"id":"302","properties":{"label":5}},{"type":"Feature","geometry":{"type":"Point","coordinates":[79.74634785452331,23.107947163155572]},"id":"303","properties":{"label":5}},{"type":"Feature","geometry":{"type":"Point","coordinates":[79.74742073812926,23.10490777548689]},"id":"304","properties":{"label":5}},{"type":"Feature","geometry":{"type":"Point","coordinates":[79.74703450003112,23.10253937377431]},"id":"305","properties":{"label":5}},{"type":"Feature","geometry":{"type":"Point","coordinates":[79.74506039419616,23.10214463609505]},"id":"306","properties":{"label":5}},{"type":"Feature","geometry":{"type":"Point","coordinates":[79.74209923544372,23.103605159713496]},"id":"307","properties":{"label":5}},{"type":"Feature","geometry":{"type":"Point","coordinates":[79.73918099203551,23.102815689459536]},"id":"308","properties":{"label":5}},{"type":"Feature","geometry":{"type":"Point","coordinates":[79.72881800454746,23.10190223702718]},"id":"309","properties":{"label":5}},{"type":"Feature","geometry":{"type":"Point","coordinates":[79.73310953897129,23.101941710918553]},"id":"310","properties":{"label":5}},{"type":"Feature","geometry":{"type":"Point","coordinates":[79.73066336434971,23.100639066378122]},"id":"311","properties":{"label":5}},{"type":"Feature","geometry":{"type":"Point","coordinates":[79.72680098336826,23.097915314244975]},"id":"312","properties":{"label":5}},{"type":"Feature","geometry":{"type":"Point","coordinates":[79.73594195169102,23.095902070652134]},"id":"313","properties":{"label":5}},{"type":"Feature","geometry":{"type":"Point","coordinates":[79.73486906808506,23.097717938756052]},"id":"314","properties":{"label":5}},{"type":"Feature","geometry":{"type":"Point","coordinates":[79.74014765542637,23.098428489159062]},"id":"315","properties":{"label":5}},{"type":"Feature","geometry":{"type":"Point","coordinates":[79.73933226388584,23.095744167918]},"id":"316","properties":{"label":5}},{"type":"Feature","geometry":{"type":"Point","coordinates":[79.74529749673496,23.097244236399494]},"id":"317","properties":{"label":5}},{"type":"Feature","geometry":{"type":"Point","coordinates":[79.74576956552158,23.091954446627994]},"id":"318","properties":{"label":5}},{"type":"Feature","geometry":{"type":"Point","coordinates":[79.75336558145176,23.09313874601287]},"id":"319","properties":{"label":5}},{"type":"Feature","geometry":{"type":"Point","coordinates":[79.7522926978458,23.096415253256424]},"id":"320","properties":{"label":5}},{"type":"Feature","geometry":{"type":"Point","coordinates":[79.75482470315586,23.096612630659198]},"id":"321","properties":{"label":5}},{"type":"Feature","geometry":{"type":"Point","coordinates":[79.75186354440342,23.101428549425872]},"id":"322","properties":{"label":5}},{"type":"Feature","geometry":{"type":"Point","coordinates":[79.75478178781162,23.09981010418399]},"id":"323","properties":{"label":5}},{"type":"Feature","geometry":{"type":"Point","coordinates":[79.75040442269932,23.10557325929374]},"id":"324","properties":{"label":5}},{"type":"Feature","geometry":{"type":"Point","coordinates":[79.7202349356998,23.09179653925473]},"id":"325","properties":{"label":5}},{"type":"Feature","geometry":{"type":"Point","coordinates":[79.71967703622471,23.093967749371814]},"id":"326","properties":{"label":5}},{"type":"Feature","geometry":{"type":"Point","coordinates":[79.72735888284336,23.09349403379297]},"id":"327","properties":{"label":5}},{"type":"Feature","geometry":{"type":"Point","coordinates":[79.73207957070957,23.09175706238242]},"id":"328","properties":{"label":5}},{"type":"Feature","geometry":{"type":"Point","coordinates":[79.73752981942783,23.092309737539395]},"id":"329","properties":{"label":5}},{"type":"Feature","geometry":{"type":"Point","coordinates":[79.74787241738926,23.08836200798123]},"id":"330","properties":{"label":5}},{"type":"Feature","geometry":{"type":"Point","coordinates":[79.75061899942051,23.087690882424006]},"id":"331","properties":{"label":5}},{"type":"Feature","geometry":{"type":"Point","coordinates":[79.74924570840489,23.082084879229075]},"id":"332","properties":{"label":5}},{"type":"Feature","geometry":{"type":"Point","coordinates":[79.75216395181309,23.083821975638667]},"id":"333","properties":{"label":5}},{"type":"Feature","geometry":{"type":"Point","coordinates":[79.75958830636631,23.08528269842785]},"id":"334","properties":{"label":5}},{"type":"Feature","geometry":{"type":"Point","coordinates":[79.75881583017002,23.08520374084504]},"id":"335","properties":{"label":5}},{"type":"Feature","geometry":{"type":"Point","coordinates":[79.72135073465,23.08366405871075]},"id":"336","properties":{"label":5}},{"type":"Feature","geometry":{"type":"Point","coordinates":[79.71804625314365,23.085401134715102]},"id":"337","properties":{"label":5}},{"type":"Feature","geometry":{"type":"Point","coordinates":[79.71783167642246,23.087493491916497]},"id":"338","properties":{"label":5}},{"type":"Feature","geometry":{"type":"Point","coordinates":[79.71366888803135,23.084019371537707]},"id":"339","properties":{"label":5}},{"type":"Feature","geometry":{"type":"Point","coordinates":[79.70804697793614,23.083308744944674]},"id":"340","properties":{"label":5}},{"type":"Feature","geometry":{"type":"Point","coordinates":[79.71165186685215,23.089348951242307]},"id":"341","properties":{"label":5}},{"type":"Feature","geometry":{"type":"Point","coordinates":[79.7092486075748,23.089112085520625]},"id":"342","properties":{"label":5}},{"type":"Feature","geometry":{"type":"Point","coordinates":[79.71109396737705,23.09258607426549]},"id":"343","properties":{"label":5}},{"type":"Feature","geometry":{"type":"Point","coordinates":[79.71508509439121,23.095388886087683]},"id":"344","properties":{"label":5}},{"type":"Feature","geometry":{"type":"Point","coordinates":[79.72186571878086,23.090809613967984]},"id":"345","properties":{"label":5}},{"type":"Feature","geometry":{"type":"Point","coordinates":[79.72791678231846,23.087138188272448]},"id":"346","properties":{"label":5}},{"type":"Feature","geometry":{"type":"Point","coordinates":[79.72881800454746,23.08879626390899]},"id":"347","properties":{"label":5}},{"type":"Feature","geometry":{"type":"Point","coordinates":[79.73074919503819,23.08504582554031]},"id":"348","properties":{"label":5}},{"type":"Feature","geometry":{"type":"Point","coordinates":[79.73478323739658,23.087809316589375]},"id":"349","properties":{"label":5}},{"type":"Feature","geometry":{"type":"Point","coordinates":[79.7345686606754,23.084887910050053]},"id":"350","properties":{"label":5}},{"type":"Feature","geometry":{"type":"Point","coordinates":[79.72641474527012,23.091914969802076]},"id":"351","properties":{"label":5}},{"type":"Feature","geometry":{"type":"Point","coordinates":[79.73285204690586,23.081611121767434]},"id":"352","properties":{"label":5}},{"type":"Feature","geometry":{"type":"Point","coordinates":[79.72817427438389,23.081216322607506]},"id":"353","properties":{"label":5}},{"type":"Feature","geometry":{"type":"Point","coordinates":[79.72534186166416,23.080900482444854]},"id":"354","properties":{"label":5}},{"type":"Feature","geometry":{"type":"Point","coordinates":[79.7257280997623,23.078492176808304]},"id":"355","properties":{"label":5}},{"type":"Feature","geometry":{"type":"Point","coordinates":[79.72177988809239,23.079558153476494]},"id":"356","properties":{"label":5}},{"type":"Feature","geometry":{"type":"Point","coordinates":[79.72053534310947,23.077426191689653]},"id":"357","properties":{"label":5}},{"type":"Feature","geometry":{"type":"Point","coordinates":[79.73645693582188,23.0780973684904]},"id":"358","properties":{"label":5}},{"type":"Feature","geometry":{"type":"Point","coordinates":[79.73808771890293,23.080150359085064]},"id":"359","properties":{"label":5}},{"type":"Feature","geometry":{"type":"Point","coordinates":[79.74203593057285,23.07940023154037]},"id":"360","properties":{"label":5}},{"type":"Feature","geometry":{"type":"Point","coordinates":[79.74958903115879,23.07951867300985]},"id":"361","properties":{"label":5}},{"type":"Feature","geometry":{"type":"Point","coordinates":[79.75439554971348,23.07663656763526]},"id":"362","properties":{"label":5}},{"type":"Feature","geometry":{"type":"Point","coordinates":[79.75787169259678,23.07793944483866]},"id":"363","properties":{"label":5}},{"type":"Feature","geometry":{"type":"Point","coordinates":[79.75349432748447,23.079637114375004]},"id":"364","properties":{"label":5}},{"type":"Feature","geometry":{"type":"Point","coordinates":[79.75885874551426,23.082637594157685]},"id":"365","properties":{"label":5}},{"type":"Feature","geometry":{"type":"Point","coordinates":[79.71371180337559,23.07489937839546]},"id":"366","properties":{"label":5}},{"type":"Feature","geometry":{"type":"Point","coordinates":[79.71602923196446,23.07636019812085]},"id":"367","properties":{"label":5}},{"type":"Feature","geometry":{"type":"Point","coordinates":[79.72220904153477,23.073438542802734]},"id":"368","properties":{"label":5}},{"type":"Feature","geometry":{"type":"Point","coordinates":[79.71620089334141,23.07043785776509]},"id":"369","properties":{"label":5}},{"type":"Feature","geometry":{"type":"Point","coordinates":[79.7118235282291,23.071306484002093]},"id":"370","properties":{"label":5}},{"type":"Feature","geometry":{"type":"Point","coordinates":[79.70860487741123,23.070911654589697]},"id":"371","properties":{"label":5}},{"type":"Feature","geometry":{"type":"Point","coordinates":[79.70414168161045,23.071898725947715]},"id":"372","properties":{"label":5}},{"type":"Feature","geometry":{"type":"Point","coordinates":[79.70122343820225,23.07059579022538]},"id":"373","properties":{"label":5}},{"type":"Feature","geometry":{"type":"Point","coordinates":[79.69963557046543,23.07561004943307]},"id":"374","properties":{"label":5}},{"type":"Feature","geometry":{"type":"Point","coordinates":[79.7013950995792,23.078452696028684]},"id":"375","properties":{"label":5}},{"type":"Feature","geometry":{"type":"Point","coordinates":[79.70847613137852,23.077544634897908]},"id":"376","properties":{"label":5}},{"type":"Feature","geometry":{"type":"Point","coordinates":[79.69538695138584,23.07470196910743]},"id":"377","properties":{"label":5}},{"type":"Feature","geometry":{"type":"Point","coordinates":[79.69697481912266,23.07584693894441]},"id":"378","properties":{"label":5}},{"type":"Feature","geometry":{"type":"Point","coordinates":[79.69770437997471,23.07308320201618]},"id":"379","properties":{"label":5}},{"type":"Feature","geometry":{"type":"Point","coordinates":[79.69830519479405,23.071898725947715]},"id":"380","properties":{"label":5}},{"type":"Feature","geometry":{"type":"Point","coordinates":[79.70019346994053,23.07059579022538]},"id":"381","properties":{"label":5}},{"type":"Feature","geometry":{"type":"Point","coordinates":[79.69950682443272,23.070556307127692]},"id":"382","properties":{"label":5}},{"type":"Feature","geometry":{"type":"Point","coordinates":[79.69405657571446,23.06775297757182]},"id":"383","properties":{"label":5}},{"type":"Feature","geometry":{"type":"Point","coordinates":[79.69538695138584,23.065857735763256]},"id":"384","properties":{"label":5}},{"type":"Feature","geometry":{"type":"Point","coordinates":[79.69761854928623,23.065699797740802]},"id":"385","properties":{"label":5}},{"type":"Feature","geometry":{"type":"Point","coordinates":[79.70191008371006,23.06716071737451]},"id":"386","properties":{"label":5}},{"type":"Feature","geometry":{"type":"Point","coordinates":[79.6995926551212,23.06368607170438]},"id":"387","properties":{"label":5}},{"type":"Feature","geometry":{"type":"Point","coordinates":[79.69482905191074,23.077426191689653]},"id":"388","properties":{"label":5}},{"type":"Feature","geometry":{"type":"Point","coordinates":[79.6950007132877,23.079439712041793]},"id":"389","properties":{"label":5}},{"type":"Feature","geometry":{"type":"Point","coordinates":[79.69289786142002,23.077228786110727]},"id":"390","properties":{"label":5}},{"type":"Feature","geometry":{"type":"Point","coordinates":[79.69169623178135,23.07482041471501]},"id":"391","properties":{"label":5}},{"type":"Feature","geometry":{"type":"Point","coordinates":[79.69264036935459,23.07170131225557]},"id":"392","properties":{"label":5}},{"type":"Feature","geometry":{"type":"Point","coordinates":[79.6915245704044,23.071227518212325]},"id":"393","properties":{"label":5}},{"type":"Feature","geometry":{"type":"Point","coordinates":[79.69264036935459,23.072490965285777]},"id":"394","properties":{"label":5}},{"type":"Feature","geometry":{"type":"Point","coordinates":[79.72250944894444,23.069687676046605]},"id":"395","properties":{"label":5}},{"type":"Feature","geometry":{"type":"Point","coordinates":[79.72130781930576,23.067595041774116]},"id":"396","properties":{"label":5}},{"type":"Feature","geometry":{"type":"Point","coordinates":[79.73203665536533,23.07557056780727]},"id":"397","properties":{"label":5}},{"type":"Feature","geometry":{"type":"Point","coordinates":[79.68463224385614,23.064849217629178]},"id":"398","properties":{"label":5}},{"type":"Feature","geometry":{"type":"Point","coordinates":[79.68742174123163,23.06421745969193]},"id":"399","properties":{"label":5}},{"type":"Feature","geometry":{"type":"Point","coordinates":[79.68583387349481,23.06259856643929]},"id":"400","properties":{"label":5}},{"type":"Feature","geometry":{"type":"Point","coordinates":[79.68046945546503,23.06271702270353]},"id":"401","properties":{"label":5}},{"type":"Feature","geometry":{"type":"Point","coordinates":[79.68982500050897,23.058097151136852]},"id":"402","properties":{"label":5}},{"type":"Feature","geometry":{"type":"Point","coordinates":[79.68686384175653,23.058334071485096]},"id":"403","properties":{"label":5}},{"type":"Feature","geometry":{"type":"Point","coordinates":[79.65497774098749,23.056557158708458]},"id":"404","properties":{"label":5}},{"type":"Feature","geometry":{"type":"Point","coordinates":[79.66085714314814,23.05849201815226]},"id":"405","properties":{"label":5}},{"type":"Feature","geometry":{"type":"Point","coordinates":[79.6660928151452,23.057149465573655]},"id":"406","properties":{"label":5}},{"type":"Feature","geometry":{"type":"Point","coordinates":[79.66841024373407,23.05758382228502]},"id":"407","properties":{"label":5}},{"type":"Feature","geometry":{"type":"Point","coordinates":[79.6727017781579,23.05857099141633]},"id":"408","properties":{"label":5}},{"type":"Feature","geometry":{"type":"Point","coordinates":[79.67184347127314,23.057267926633944]},"id":"409","properties":{"label":5}},{"type":"Feature","geometry":{"type":"Point","coordinates":[79.6857051274621,23.05635972250757]},"id":"410","properties":{"label":5}},{"type":"Feature","geometry":{"type":"Point","coordinates":[79.68802255605097,23.05588587444392]},"id":"411","properties":{"label":5}},{"type":"Feature","geometry":{"type":"Point","coordinates":[79.68832296346064,23.05426688097495]},"id":"412","properties":{"label":5}},{"type":"Feature","geometry":{"type":"Point","coordinates":[79.65960313151272,23.072588011619324]},"id":"413","properties":{"label":5}},{"type":"Feature","geometry":{"type":"Point","coordinates":[79.64441109965237,23.070376973048123]},"id":"414","properties":{"label":5}},{"type":"Feature","geometry":{"type":"Point","coordinates":[79.64574147532376,23.072903871305492]},"id":"415","properties":{"label":5}},{"type":"Feature","geometry":{"type":"Point","coordinates":[79.63548470805081,23.072390598938817]},"id":"416","properties":{"label":5}},{"type":"Feature","geometry":{"type":"Point","coordinates":[79.6373729831973,23.073969892270135]},"id":"417","properties":{"label":5}},{"type":"Feature","geometry":{"type":"Point","coordinates":[79.63677216837796,23.067613123728314]},"id":"418","properties":{"label":5}},{"type":"Feature","geometry":{"type":"Point","coordinates":[79.63552762339505,23.064296429596293]},"id":"419","properties":{"label":5}},{"type":"Feature","geometry":{"type":"Point","coordinates":[79.64239407847317,23.06279599348844]},"id":"420","properties":{"label":5}},{"type":"Feature","geometry":{"type":"Point","coordinates":[79.63702966044339,23.06232216808388]},"id":"421","properties":{"label":5}},{"type":"Feature","geometry":{"type":"Point","coordinates":[79.64973260233792,23.067139315286514]},"id":"422","properties":{"label":5}},{"type":"Feature","geometry":{"type":"Point","coordinates":[79.65041924784573,23.073969892270135]},"id":"423","properties":{"label":5}},{"type":"Feature","geometry":{"type":"Point","coordinates":[79.65398122141751,23.078391814939867]},"id":"424","properties":{"label":5}},{"type":"Feature","geometry":{"type":"Point","coordinates":[79.6556549198428,23.07843129573737]},"id":"425","properties":{"label":5}},{"type":"Feature","geometry":{"type":"Point","coordinates":[79.65548325846585,23.076536204381917]},"id":"426","properties":{"label":5}},{"type":"Feature","geometry":{"type":"Point","coordinates":[79.65548325846585,23.07369351727578]},"id":"427","properties":{"label":5}},{"type":"Feature","geometry":{"type":"Point","coordinates":[79.65994645426663,23.068363317015255]},"id":"428","properties":{"label":5}},{"type":"Feature","geometry":{"type":"Point","coordinates":[79.65398122141751,23.06259856643929]},"id":"429","properties":{"label":5}},{"type":"Feature","geometry":{"type":"Point","coordinates":[79.65174962351712,23.063704154183895]},"id":"430","properties":{"label":5}},{"type":"Feature","geometry":{"type":"Point","coordinates":[79.6345834858218,23.05967661224798]},"id":"431","properties":{"label":5}},{"type":"Feature","geometry":{"type":"Point","coordinates":[79.63557053873929,23.05718895260534]},"id":"432","properties":{"label":5}},{"type":"Feature","geometry":{"type":"Point","coordinates":[79.634798062543,23.05667562029]},"id":"433","properties":{"label":5}},{"type":"Feature","geometry":{"type":"Point","coordinates":[79.62973405192288,23.05592536184626]},"id":"434","properties":{"label":5}},{"type":"Feature","geometry":{"type":"Point","coordinates":[79.636600507001,23.05545151225364]},"id":"435","properties":{"label":5}},{"type":"Feature","geometry":{"type":"Point","coordinates":[79.63170815775784,23.061335026466086]},"id":"436","properties":{"label":5}},{"type":"Feature","geometry":{"type":"Point","coordinates":[79.62913323710355,23.060940167791557]},"id":"437","properties":{"label":5}},{"type":"Feature","geometry":{"type":"Point","coordinates":[79.6243696338931,23.061848341011]},"id":"438","properties":{"label":5}},{"type":"Feature","geometry":{"type":"Point","coordinates":[79.62346841166409,23.063783124389495]},"id":"439","properties":{"label":5}},{"type":"Feature","geometry":{"type":"Point","coordinates":[79.63432599375638,23.067928995095833]},"id":"440","properties":{"label":5}},{"type":"Feature","geometry":{"type":"Point","coordinates":[79.61952019999417,23.067731575578048]},"id":"441","properties":{"label":5}},{"type":"Feature","geometry":{"type":"Point","coordinates":[79.62488461802396,23.063941064661684]},"id":"442","properties":{"label":5}},{"type":"Feature","geometry":{"type":"Point","coordinates":[79.6241550571719,23.055333049594882]},"id":"443","properties":{"label":5}},{"type":"Feature","geometry":{"type":"Point","coordinates":[79.62557126353177,23.056873056027577]},"id":"444","properties":{"label":5}},{"type":"Feature","geometry":{"type":"Point","coordinates":[79.61896230051907,23.053279680279775]},"id":"445","properties":{"label":5}},{"type":"Feature","geometry":{"type":"Point","coordinates":[79.61849023173245,23.051660655469284]},"id":"446","properties":{"label":5}},{"type":"Feature","geometry":{"type":"Point","coordinates":[79.63501263926419,23.05071292459542]},"id":"447","properties":{"label":5}},{"type":"Feature","geometry":{"type":"Point","coordinates":[79.65222169230374,23.045263342624324]},"id":"448","properties":{"label":5}},{"type":"Feature","geometry":{"type":"Point","coordinates":[79.65544034312161,23.043130837477833]},"id":"449","properties":{"label":5}},{"type":"Feature","geometry":{"type":"Point","coordinates":[79.63823129008206,23.0458162088175]},"id":"450","properties":{"label":5}},{"type":"Feature","geometry":{"type":"Point","coordinates":[79.63539887736233,23.046684993964288]},"id":"451","properties":{"label":5}},{"type":"Feature","geometry":{"type":"Point","coordinates":[79.62947655985745,23.047435303899025]},"id":"452","properties":{"label":5}},{"type":"Feature","geometry":{"type":"Point","coordinates":[79.6243696338931,23.045539776004603]},"id":"453","properties":{"label":5}},{"type":"Feature","geometry":{"type":"Point","coordinates":[79.62484170267972,23.044592002053]},"id":"454","properties":{"label":5}},{"type":"Feature","geometry":{"type":"Point","coordinates":[79.62449837992581,23.041788131731263]},"id":"455","properties":{"label":5}},{"type":"Feature","geometry":{"type":"Point","coordinates":[79.62810326884183,23.043012363979745]},"id":"456","properties":{"label":5}},{"type":"Feature","geometry":{"type":"Point","coordinates":[79.63488389323147,23.03926064931331]},"id":"457","properties":{"label":5}},{"type":"Feature","geometry":{"type":"Point","coordinates":[79.63381100962552,23.03894471067693]},"id":"458","properties":{"label":5}},{"type":"Feature","geometry":{"type":"Point","coordinates":[79.63097859690579,23.040089984708736]},"id":"459","properties":{"label":5}},{"type":"Feature","geometry":{"type":"Point","coordinates":[79.6206789142886,23.040721855868952]},"id":"460","properties":{"label":5}},{"type":"Feature","geometry":{"type":"Point","coordinates":[79.6188764698306,23.041314232389983]},"id":"461","properties":{"label":5}},{"type":"Feature","geometry":{"type":"Point","coordinates":[79.61527158091458,23.042143555143156]},"id":"462","properties":{"label":5}},{"type":"Feature","geometry":{"type":"Point","coordinates":[79.61531449625882,23.044947418066418]},"id":"463","properties":{"label":5}},{"type":"Feature","geometry":{"type":"Point","coordinates":[79.61265374491605,23.04640856293459]},"id":"464","properties":{"label":5}},{"type":"Feature","geometry":{"type":"Point","coordinates":[79.63381100962552,23.043881167212543]},"id":"465","properties":{"label":5}},{"type":"Feature","geometry":{"type":"Point","coordinates":[79.63836003611478,23.04297287279055]},"id":"466","properties":{"label":5}},{"type":"Feature","geometry":{"type":"Point","coordinates":[79.64222241709622,23.042775416670953]},"id":"467","properties":{"label":5}},{"type":"Feature","geometry":{"type":"Point","coordinates":[79.63947583506497,23.039971508536244]},"id":"468","properties":{"label":5}},{"type":"Feature","geometry":{"type":"Point","coordinates":[79.61312581370267,23.036179579686507]},"id":"469","properties":{"label":5}},{"type":"Feature","geometry":{"type":"Point","coordinates":[79.61690236399564,23.03748284853336]},"id":"470","properties":{"label":5}},{"type":"Feature","geometry":{"type":"Point","coordinates":[79.61879063914212,23.03495528534759]},"id":"471","properties":{"label":5}},{"type":"Feature","geometry":{"type":"Point","coordinates":[79.61535741160306,23.033454522273587]},"id":"472","properties":{"label":5}},{"type":"Feature","geometry":{"type":"Point","coordinates":[79.61432744334134,23.030215976590384]},"id":"473","properties":{"label":5}},{"type":"Feature","geometry":{"type":"Point","coordinates":[79.61788941691312,23.03112435701277]},"id":"474","properties":{"label":5}},{"type":"Feature","geometry":{"type":"Point","coordinates":[79.62175179789456,23.030966378248657]},"id":"475","properties":{"label":5}},{"type":"Feature","geometry":{"type":"Point","coordinates":[79.62239552805814,23.03377047378339]},"id":"476","properties":{"label":5}},{"type":"Feature","geometry":{"type":"Point","coordinates":[79.63265229533108,23.03278312285576]},"id":"477","properties":{"label":5}},{"type":"Feature","geometry":{"type":"Point","coordinates":[79.63642884562405,23.033573004176574]},"id":"478","properties":{"label":5}},{"type":"Feature","geometry":{"type":"Point","coordinates":[79.63441182444485,23.030610925352374]},"id":"479","properties":{"label":5}},{"type":"Feature","geometry":{"type":"Point","coordinates":[79.63951875040921,23.03448136197198]},"id":"480","properties":{"label":5}},{"type":"Feature","geometry":{"type":"Point","coordinates":[79.64157868693265,23.031598292194023]},"id":"481","properties":{"label":5}},{"type":"Feature","geometry":{"type":"Point","coordinates":[79.65003300974759,23.031756270217436]},"id":"482","properties":{"label":5}},{"type":"Feature","geometry":{"type":"Point","coordinates":[79.65290833781155,23.03207222570869]},"id":"483","properties":{"label":5}},{"type":"Feature","geometry":{"type":"Point","coordinates":[79.65192128489407,23.036969441098538]},"id":"484","properties":{"label":5}},{"type":"Feature","geometry":{"type":"Point","coordinates":[79.64823056528958,23.036771976179605]},"id":"485","properties":{"label":5}},{"type":"Feature","geometry":{"type":"Point","coordinates":[79.65393830607327,23.03878610477405]},"id":"486","properties":{"label":5}},{"type":"Feature","geometry":{"type":"Point","coordinates":[79.65604115794095,23.041550545975237]},"id":"487","properties":{"label":5}},{"type":"Feature","geometry":{"type":"Point","coordinates":[79.6469001896182,23.042024444485172]},"id":"488","properties":{"label":5}},{"type":"Feature","geometry":{"type":"Point","coordinates":[79.62391057851703,23.026044090722802]},"id":"489","properties":{"label":5}},{"type":"Feature","geometry":{"type":"Point","coordinates":[79.62150731923968,23.02659703577887]},"id":"490","properties":{"label":5}},{"type":"Feature","geometry":{"type":"Point","coordinates":[79.62597051504046,23.02497769028136]},"id":"491","properties":{"label":5}},{"type":"Feature","geometry":{"type":"Point","coordinates":[79.628588351039,23.02493819380672]},"id":"492","properties":{"label":5}},{"type":"Feature","geometry":{"type":"Point","coordinates":[79.62923208120257,23.022054919905507]},"id":"493","properties":{"label":5}},{"type":"Feature","geometry":{"type":"Point","coordinates":[79.62687173726947,23.022173411828646]},"id":"494","properties":{"label":5}},{"type":"Feature","geometry":{"type":"Point","coordinates":[79.62202230337054,23.022133914532514]},"id":"495","properties":{"label":5}},{"type":"Feature","geometry":{"type":"Point","coordinates":[79.63828721883685,23.02667602774458]},"id":"496","properties":{"label":5}},{"type":"Feature","geometry":{"type":"Point","coordinates":[79.63541189077289,23.025609632301975]},"id":"497","properties":{"label":5}},{"type":"Feature","geometry":{"type":"Point","coordinates":[79.63828721883685,23.030072638481645]},"id":"498","properties":{"label":5}},{"type":"Feature","geometry":{"type":"Point","coordinates":[79.63712850454242,23.031415460978597]},"id":"499","properties":{"label":5}},{"type":"Feature","geometry":{"type":"Point","coordinates":[79.63854471090228,23.03232383331659]},"id":"500","properties":{"label":5}},{"type":"Feature","geometry":{"type":"Point","coordinates":[79.63245073202044,23.029677688142343]},"id":"501","properties":{"label":5}},{"type":"Feature","geometry":{"type":"Point","coordinates":[79.62361017110736,23.027939892901035]},"id":"502","properties":{"label":5}},{"type":"Feature","geometry":{"type":"Point","coordinates":[79.61652913930804,23.028769297970047]},"id":"503","properties":{"label":5}},{"type":"Feature","geometry":{"type":"Point","coordinates":[79.61708703878314,23.03512790060661]},"id":"504","properties":{"label":5}},{"type":"Feature","geometry":{"type":"Point","coordinates":[79.61077848318011,23.031612933746793]},"id":"505","properties":{"label":5}},{"type":"Feature","geometry":{"type":"Point","coordinates":[79.61039224508197,23.03070455661735]},"id":"506","properties":{"label":5}},{"type":"Feature","geometry":{"type":"Point","coordinates":[79.6311632716933,23.050332038028536]},"id":"507","properties":{"label":5}},{"type":"Feature","geometry":{"type":"Point","coordinates":[79.62820211294085,23.051951078815208]},"id":"508","properties":{"label":5}},{"type":"Feature","geometry":{"type":"Point","coordinates":[79.61562791707904,23.049976636225715]},"id":"509","properties":{"label":5}},{"type":"Feature","geometry":{"type":"Point","coordinates":[79.61600593686971,23.061025580204785]},"id":"510","properties":{"label":5}},{"type":"Feature","geometry":{"type":"Point","coordinates":[79.63274292112264,23.06540844376697]},"id":"511","properties":{"label":5}},{"type":"Feature","geometry":{"type":"Point","coordinates":[79.63081173063192,23.068290789735745]},"id":"512","properties":{"label":5}},{"type":"Feature","geometry":{"type":"Point","coordinates":[79.62261489988241,23.070778244148716]},"id":"513","properties":{"label":5}},{"type":"Feature","geometry":{"type":"Point","coordinates":[79.6266489422408,23.070778244148716]},"id":"514","properties":{"label":5}},{"type":"Feature","geometry":{"type":"Point","coordinates":[79.6248464977828,23.078319293067818]},"id":"515","properties":{"label":5}},{"type":"Feature","geometry":{"type":"Point","coordinates":[79.62398819089803,23.07895098477754]},"id":"516","properties":{"label":5}},{"type":"Feature","geometry":{"type":"Point","coordinates":[79.61961082578573,23.075910941201776]},"id":"517","properties":{"label":5}},{"type":"Feature","geometry":{"type":"Point","coordinates":[79.62441734434042,23.075200271754163]},"id":"518","properties":{"label":5}},{"type":"Feature","geometry":{"type":"Point","coordinates":[79.63251614122726,23.08559491975]},"id":"519","properties":{"label":5}},{"type":"Feature","geometry":{"type":"Point","coordinates":[79.6253921940837,23.08279190367082]},"id":"520","properties":{"label":5}},{"type":"Feature","geometry":{"type":"Point","coordinates":[79.64440369158126,23.087647795855514]},"id":"521","properties":{"label":5}},{"type":"Feature","geometry":{"type":"Point","coordinates":[79.63989758043624,23.083423574367465]},"id":"522","properties":{"label":5}},{"type":"Feature","geometry":{"type":"Point","coordinates":[79.63590645342208,23.084726385805695]},"id":"523","properties":{"label":5}},{"type":"Feature","geometry":{"type":"Point","coordinates":[79.6433308079753,23.0822786690444]},"id":"524","properties":{"label":5}},{"type":"Feature","geometry":{"type":"Point","coordinates":[79.64303040056564,23.08587127028272]},"id":"525","properties":{"label":5}},{"type":"Feature","geometry":{"type":"Point","coordinates":[79.64659237413741,23.085121174657868]},"id":"526","properties":{"label":5}},{"type":"Feature","geometry":{"type":"Point","coordinates":[79.63800930528976,23.089898027873065]},"id":"527","properties":{"label":5}},{"type":"Feature","geometry":{"type":"Point","coordinates":[79.63474773912765,23.090174369558408]},"id":"528","properties":{"label":5}},{"type":"Feature","geometry":{"type":"Point","coordinates":[79.64358830004073,23.090095414849145]},"id":"529","properties":{"label":5}},{"type":"Feature","geometry":{"type":"Point","coordinates":[79.6470215275798,23.089661163119082]},"id":"530","properties":{"label":5}},{"type":"Feature","geometry":{"type":"Point","coordinates":[79.64088463335372,23.09202979187252]},"id":"531","properties":{"label":5}},{"type":"Feature","geometry":{"type":"Point","coordinates":[79.65324425249435,23.091358684630972]},"id":"532","properties":{"label":5}},{"type":"Feature","geometry":{"type":"Point","coordinates":[79.6519567921672,23.084647427896133]},"id":"533","properties":{"label":5}},{"type":"Feature","geometry":{"type":"Point","coordinates":[79.65475504046744,23.095125045998415]},"id":"534","properties":{"label":5}},{"type":"Feature","geometry":{"type":"Point","coordinates":[79.63934843188589,23.096309317438184]},"id":"535","properties":{"label":5}},{"type":"Feature","geometry":{"type":"Point","coordinates":[79.63561479693716,23.09646721950812]},"id":"536","properties":{"label":5}},{"type":"Feature","geometry":{"type":"Point","coordinates":[79.63570062762564,23.098546099850818]},"id":"537","properties":{"label":5}},{"type":"Feature","geometry":{"type":"Point","coordinates":[79.63724558001822,23.09834872528865]},"id":"538","properties":{"label":5}},{"type":"Feature","geometry":{"type":"Point","coordinates":[79.62653514006485,23.096177585965954]},"id":"539","properties":{"label":5}},{"type":"Feature","geometry":{"type":"Point","coordinates":[79.62533351042617,23.096019683555625]},"id":"540","properties":{"label":5}},{"type":"Feature","geometry":{"type":"Point","coordinates":[79.62992545225967,23.09901979761686]},"id":"541","properties":{"label":5}},{"type":"Feature","geometry":{"type":"Point","coordinates":[79.62220069029678,23.09238787690036]},"id":"542","properties":{"label":5}},{"type":"Feature","geometry":{"type":"Point","coordinates":[79.61988326170791,23.09463802954927]},"id":"543","properties":{"label":5}},{"type":"Feature","geometry":{"type":"Point","coordinates":[79.62129946806778,23.098625049594485]},"id":"544","properties":{"label":5}},{"type":"Feature","geometry":{"type":"Point","coordinates":[79.63448326870504,23.100835623578934]},"id":"545","properties":{"label":5}},{"type":"Feature","geometry":{"type":"Point","coordinates":[79.64637081905904,23.101309313271255]},"id":"546","properties":{"label":5}},{"type":"Feature","geometry":{"type":"Point","coordinates":[79.66834347530904,23.08117602851251]},"id":"547","properties":{"label":5}},{"type":"Feature","geometry":{"type":"Point","coordinates":[79.66718476101461,23.0781755161133]},"id":"548","properties":{"label":5}},{"type":"Feature","geometry":{"type":"Point","coordinates":[79.69529431149068,23.088321716028076]},"id":"549","properties":{"label":5}},{"type":"Feature","geometry":{"type":"Point","coordinates":[79.69147484585348,23.089387614756507]},"id":"550","properties":{"label":5}},{"type":"Feature","geometry":{"type":"Point","coordinates":[79.68473713680807,23.08970343497853]},"id":"551","properties":{"label":5}},{"type":"Feature","geometry":{"type":"Point","coordinates":[79.71927104852246,23.100722423781754]},"id":"552","properties":{"label":5}},{"type":"Feature","geometry":{"type":"Point","coordinates":[79.76338012445895,23.23793429739067]},"id":"553","properties":{"label":5}},{"type":"Feature","geometry":{"type":"Point","coordinates":[79.78621108759371,23.2371456189071]},"id":"554","properties":{"label":5}},{"type":"Feature","geometry":{"type":"Point","coordinates":[79.79427917231051,23.23477955548892]},"id":"555","properties":{"label":5}},{"type":"Feature","geometry":{"type":"Point","coordinates":[79.76827247370211,23.24582082582638]},"id":"556","properties":{"label":5}},{"type":"Feature","geometry":{"type":"Point","coordinates":[79.75359542597262,23.237618826556613]},"id":"557","properties":{"label":5}},{"type":"Feature","geometry":{"type":"Point","coordinates":[79.75960357416598,23.234937294355245]},"id":"558","properties":{"label":5}},{"type":"Feature","geometry":{"type":"Point","coordinates":[79.75162132013766,23.234700685985853]},"id":"559","properties":{"label":5}},{"type":"Feature","geometry":{"type":"Point","coordinates":[79.74320991266696,23.231782481606682]},"id":"560","properties":{"label":5}},{"type":"Feature","geometry":{"type":"Point","coordinates":[79.72973449457614,23.24787124685007]},"id":"561","properties":{"label":5}},{"type":"Feature","geometry":{"type":"Point","coordinates":[79.72818954218356,23.25181427560471]},"id":"562","properties":{"label":5}},{"type":"Feature","geometry":{"type":"Point","coordinates":[79.72535712946383,23.25181427560471]},"id":"563","properties":{"label":5}},{"type":"Feature","geometry":{"type":"Point","coordinates":[79.7221813939902,23.25386460448176]},"id":"564","properties":{"label":5}},{"type":"Feature","geometry":{"type":"Point","coordinates":[79.71883399713961,23.24865986192746]},"id":"565","properties":{"label":5}},{"type":"Feature","geometry":{"type":"Point","coordinates":[79.71582992304293,23.245505373640476]},"id":"566","properties":{"label":5}},{"type":"Feature","geometry":{"type":"Point","coordinates":[79.72295387018649,23.243849237425223]},"id":"567","properties":{"label":5}},{"type":"Feature","geometry":{"type":"Point","coordinates":[79.73145110834567,23.245426510477433]},"id":"568","properties":{"label":5}},{"type":"Feature","geometry":{"type":"Point","coordinates":[79.71402747858492,23.23793429739067]},"id":"569","properties":{"label":5}},{"type":"Feature","geometry":{"type":"Point","coordinates":[79.71025092829196,23.247161489293553]},"id":"570","properties":{"label":5}},{"type":"Feature","geometry":{"type":"Point","coordinates":[79.70741851557223,23.24582082582638]},"id":"571","properties":{"label":5}},{"type":"Feature","geometry":{"type":"Point","coordinates":[79.72020728815524,23.262538723921626]},"id":"572","properties":{"label":5}},{"type":"Feature","geometry":{"type":"Point","coordinates":[79.7294770025107,23.26167133737727]},"id":"573","properties":{"label":5}},{"type":"Feature","geometry":{"type":"Point","coordinates":[79.72776038874117,23.257018895035916]},"id":"574","properties":{"label":5}},{"type":"Feature","geometry":{"type":"Point","coordinates":[79.74698646295992,23.25662461279784]},"id":"575","properties":{"label":5}},{"type":"Feature","geometry":{"type":"Point","coordinates":[79.75702865351168,23.264352332091253]},"id":"576","properties":{"label":5}},{"type":"Feature","geometry":{"type":"Point","coordinates":[79.75033385981051,23.26569280922347]},"id":"577","properties":{"label":5}},{"type":"Feature","geometry":{"type":"Point","coordinates":[79.77848632563082,23.254180036895328]},"id":"578","properties":{"label":5}},{"type":"Feature","geometry":{"type":"Point","coordinates":[79.78243453730074,23.252681726284912]},"id":"579","properties":{"label":5}},{"type":"Feature","geometry":{"type":"Point","coordinates":[79.79427917231051,23.257018895035916]},"id":"580","properties":{"label":5}},{"type":"Feature","geometry":{"type":"Point","coordinates":[79.79127509821383,23.262696429959586]},"id":"581","properties":{"label":5}},{"type":"Feature","geometry":{"type":"Point","coordinates":[79.79487998712985,23.26529855264309]},"id":"582","properties":{"label":5}},{"type":"Feature","geometry":{"type":"Point","coordinates":[79.7976265691611,23.258359445922867]},"id":"583","properties":{"label":5}},{"type":"Feature","geometry":{"type":"Point","coordinates":[79.7796879552695,23.248502139285023]},"id":"584","properties":{"label":5}},{"type":"Feature","geometry":{"type":"Point","coordinates":[79.77513892878024,23.24881758438337]},"id":"585","properties":{"label":5}},{"type":"Feature","geometry":{"type":"Point","coordinates":[79.75385291803805,23.248896445541366]},"id":"586","properties":{"label":5}},{"type":"Feature","geometry":{"type":"Point","coordinates":[79.75385291803805,23.246294002706453]},"id":"587","properties":{"label":5}},{"type":"Feature","geometry":{"type":"Point","coordinates":[79.74303825129,23.244322421299117]},"id":"588","properties":{"label":5}},{"type":"Feature","geometry":{"type":"Point","coordinates":[79.80543716181246,23.254337752822273]},"id":"589","properties":{"label":5}},{"type":"Feature","geometry":{"type":"Point","coordinates":[79.80629546869723,23.251735416172153]},"id":"590","properties":{"label":5}},{"type":"Feature","geometry":{"type":"Point","coordinates":[79.80663879145114,23.250158217727535]},"id":"591","properties":{"label":5}},{"type":"Feature","geometry":{"type":"Point","coordinates":[79.796167447457,23.248423277893867]},"id":"592","properties":{"label":5}},{"type":"Feature","geometry":{"type":"Point","coordinates":[79.79831321466891,23.244637876282567]},"id":"593","properties":{"label":5}},{"type":"Feature","geometry":{"type":"Point","coordinates":[79.80912788141696,23.24266627039731]},"id":"594","properties":{"label":5}},{"type":"Feature","geometry":{"type":"Point","coordinates":[79.81547935236422,23.24613627726627]},"id":"595","properties":{"label":5}},{"type":"Feature","geometry":{"type":"Point","coordinates":[79.81127364862887,23.246688315490925]},"id":"596","properties":{"label":5}},{"type":"Feature","geometry":{"type":"Point","coordinates":[79.81238944757906,23.254889757097416]},"id":"597","properties":{"label":5}},{"type":"Feature","geometry":{"type":"Point","coordinates":[79.80981452692477,23.25867486770187]},"id":"598","properties":{"label":5}},{"type":"Feature","geometry":{"type":"Point","coordinates":[79.81522186029879,23.25670346933875]},"id":"599","properties":{"label":5}},{"type":"Feature","geometry":{"type":"Point","coordinates":[79.73436935175387,23.23832863488441]},"id":"600","properties":{"label":5}},{"type":"Feature","geometry":{"type":"Point","coordinates":[79.7346268438193,23.233438767597864]},"id":"601","properties":{"label":5}},{"type":"Feature","geometry":{"type":"Point","coordinates":[79.77110488642184,23.23265006254636]},"id":"602","properties":{"label":5}},{"type":"Feature","geometry":{"type":"Point","coordinates":[79.76406676996676,23.230914895027787]},"id":"603","properties":{"label":5}},{"type":"Feature","geometry":{"type":"Point","coordinates":[79.75496871698824,23.22286973274068]},"id":"604","properties":{"label":5}},{"type":"Feature","geometry":{"type":"Point","coordinates":[79.76947410334078,23.21947799946208]},"id":"605","properties":{"label":5}},{"type":"Feature","geometry":{"type":"Point","coordinates":[79.77539642084567,23.22034566036078]},"id":"606","properties":{"label":5}},{"type":"Feature","geometry":{"type":"Point","coordinates":[79.77264983881442,23.2137197434004]},"id":"607","properties":{"label":5}},{"type":"Feature","geometry":{"type":"Point","coordinates":[79.78887183893649,23.213798625297304]},"id":"608","properties":{"label":5}},{"type":"Feature","geometry":{"type":"Point","coordinates":[79.78303535212008,23.217427142203054]},"id":"609","properties":{"label":5}},{"type":"Feature","geometry":{"type":"Point","coordinates":[79.7895584844443,23.222002088241176]},"id":"610","properties":{"label":5}},{"type":"Feature","geometry":{"type":"Point","coordinates":[79.78638274897067,23.227523366114063]},"id":"611","properties":{"label":5}},{"type":"Feature","geometry":{"type":"Point","coordinates":[79.7994290136191,23.22973181333252]},"id":"612","properties":{"label":5}},{"type":"Feature","geometry":{"type":"Point","coordinates":[79.80620963800875,23.226971248601032]},"id":"613","properties":{"label":5}},{"type":"Feature","geometry":{"type":"Point","coordinates":[79.8159085058066,23.22003014795892]},"id":"614","properties":{"label":5}},{"type":"Feature","geometry":{"type":"Point","coordinates":[79.81376273859469,23.21774266075415]},"id":"615","properties":{"label":5}},{"type":"Feature","geometry":{"type":"Point","coordinates":[79.80912788141696,23.212773157004552]},"id":"616","properties":{"label":5}},{"type":"Feature","geometry":{"type":"Point","coordinates":[79.79599578608004,23.210564429332262]},"id":"617","properties":{"label":5}},{"type":"Feature","geometry":{"type":"Point","coordinates":[79.80792625177828,23.208276780036936]},"id":"618","properties":{"label":5}},{"type":"Feature","geometry":{"type":"Point","coordinates":[79.83007056940524,23.213561979466856]},"id":"619","properties":{"label":5}},{"type":"Feature","geometry":{"type":"Point","coordinates":[79.82809646357028,23.21190544691654]},"id":"620","properties":{"label":5}},{"type":"Feature","geometry":{"type":"Point","coordinates":[79.82260329950778,23.22239647280345]},"id":"621","properties":{"label":5}},{"type":"Feature","geometry":{"type":"Point","coordinates":[79.82886893976656,23.220976682928292]},"id":"622","properties":{"label":5}},{"type":"Feature","geometry":{"type":"Point","coordinates":[79.80878455866305,23.235095033035122]},"id":"623","properties":{"label":5}},{"type":"Feature","geometry":{"type":"Point","coordinates":[79.82191665399996,23.237461090859902]},"id":"624","properties":{"label":5}},{"type":"Feature","geometry":{"type":"Point","coordinates":[79.81659515131442,23.240536903312773]},"id":"625","properties":{"label":5}},{"type":"Feature","geometry":{"type":"Point","coordinates":[79.83075721491305,23.23414859815928]},"id":"626","properties":{"label":5}},{"type":"Feature","geometry":{"type":"Point","coordinates":[79.76046188105074,23.206383523416115]},"id":"627","properties":{"label":5}},{"type":"Feature","geometry":{"type":"Point","coordinates":[79.74956138361422,23.20985447339749]},"id":"628","properties":{"label":5}},{"type":"Feature","geometry":{"type":"Point","coordinates":[79.74810226191012,23.221607702514163]},"id":"629","properties":{"label":5}},{"type":"Feature","geometry":{"type":"Point","coordinates":[79.7456131719443,23.219635756408394]},"id":"630","properties":{"label":5}},{"type":"Feature","geometry":{"type":"Point","coordinates":[79.7525654577109,23.216401701764656]},"id":"631","properties":{"label":5}},{"type":"Feature","geometry":{"type":"Point","coordinates":[79.7617493413779,23.213483097430224]},"id":"632","properties":{"label":5}},{"type":"Feature","geometry":{"type":"Point","coordinates":[79.73488433588473,23.212773157004552]},"id":"633","properties":{"label":5}},{"type":"Feature","geometry":{"type":"Point","coordinates":[79.75908859003512,23.22460500482693]},"id":"634","properties":{"label":5}},{"type":"Feature","geometry":{"type":"Point","coordinates":[79.75539787043063,23.233911988391615]},"id":"635","properties":{"label":5}},{"type":"Feature","geometry":{"type":"Point","coordinates":[79.76020438898531,23.233517637846674]},"id":"636","properties":{"label":5}},{"type":"Feature","geometry":{"type":"Point","coordinates":[79.83154762075903,23.20622575082033]},"id":"637","properties":{"label":5}},{"type":"Feature","geometry":{"type":"Point","coordinates":[79.83729827688695,23.205673545268212]},"id":"638","properties":{"label":5}},{"type":"Feature","geometry":{"type":"Point","coordinates":[79.82536781118871,23.20275470659019]},"id":"639","properties":{"label":5}},{"type":"Feature","geometry":{"type":"Point","coordinates":[79.82073295401098,23.20314914797432]},"id":"640","properties":{"label":5}},{"type":"Feature","geometry":{"type":"Point","coordinates":[79.81455314444067,23.20488467623579]},"id":"641","properties":{"label":5}},{"type":"Feature","geometry":{"type":"Point","coordinates":[79.8162697582102,23.198652447195897]},"id":"642","properties":{"label":5}},{"type":"Feature","geometry":{"type":"Point","coordinates":[79.81498229788305,23.198415774543825]},"id":"643","properties":{"label":5}},{"type":"Feature","geometry":{"type":"Point","coordinates":[79.80751502798559,23.198179101472792]},"id":"644","properties":{"label":5}},{"type":"Feature","geometry":{"type":"Point","coordinates":[79.83652580069067,23.199204681754633]},"id":"645","properties":{"label":5}},{"type":"Feature","geometry":{"type":"Point","coordinates":[79.82794273184301,23.19715351332348]},"id":"646","properties":{"label":5}},{"type":"Feature","geometry":{"type":"Point","coordinates":[79.82450950430395,23.190842028474222]},"id":"647","properties":{"label":5}},{"type":"Feature","geometry":{"type":"Point","coordinates":[79.81704223440649,23.19155208539098]},"id":"648","properties":{"label":5}},{"type":"Feature","geometry":{"type":"Point","coordinates":[79.81498229788305,23.189264110717794]},"id":"649","properties":{"label":5}},{"type":"Feature","geometry":{"type":"Point","coordinates":[79.81094825552465,23.194628955131776]},"id":"650","properties":{"label":5}},{"type":"Feature","geometry":{"type":"Point","coordinates":[79.85549438284399,23.191078714532026]},"id":"651","properties":{"label":5}},{"type":"Feature","geometry":{"type":"Point","coordinates":[79.85146034048559,23.195023420491296]},"id":"652","properties":{"label":5}},{"type":"Feature","geometry":{"type":"Point","coordinates":[79.84734046743871,23.19857355635843]},"id":"653","properties":{"label":5}},{"type":"Feature","geometry":{"type":"Point","coordinates":[79.846310499177,23.203622476098786]},"id":"654","properties":{"label":5}},{"type":"Feature","geometry":{"type":"Point","coordinates":[79.84596717642309,23.208907859616502]},"id":"655","properties":{"label":5}},{"type":"Feature","geometry":{"type":"Point","coordinates":[79.8627899913645,23.202833594960133]},"id":"656","properties":{"label":5}},{"type":"Feature","geometry":{"type":"Point","coordinates":[79.8616741924143,23.199125791243056]},"id":"657","properties":{"label":5}},{"type":"Feature","geometry":{"type":"Point","coordinates":[79.86656654165746,23.19518120630927]},"id":"658","properties":{"label":5}},{"type":"Feature","geometry":{"type":"Point","coordinates":[79.86733901785375,23.189421903331162]},"id":"659","properties":{"label":5}},{"type":"Feature","geometry":{"type":"Point","coordinates":[79.8587559490061,23.18658160780938]},"id":"660","properties":{"label":5}},{"type":"Feature","geometry":{"type":"Point","coordinates":[79.8550652294016,23.183346753343173]},"id":"661","properties":{"label":5}},{"type":"Feature","geometry":{"type":"Point","coordinates":[79.84965789602758,23.18192654862566]},"id":"662","properties":{"label":5}},{"type":"Feature","geometry":{"type":"Point","coordinates":[79.84605300711156,23.188159557211904]},"id":"663","properties":{"label":5}},{"type":"Feature","geometry":{"type":"Point","coordinates":[79.83832824514867,23.182715553107663]},"id":"664","properties":{"label":5}},{"type":"Feature","geometry":{"type":"Point","coordinates":[79.83000266836645,23.18303115359766]},"id":"665","properties":{"label":5}},{"type":"Feature","geometry":{"type":"Point","coordinates":[79.82837188528539,23.183267853476586]},"id":"666","properties":{"label":5}},{"type":"Feature","geometry":{"type":"Point","coordinates":[79.82133376883031,23.18176874717092]},"id":"667","properties":{"label":5}},{"type":"Feature","geometry":{"type":"Point","coordinates":[79.81506812857153,23.18287335344571]},"id":"668","properties":{"label":5}},{"type":"Feature","geometry":{"type":"Point","coordinates":[79.8162697582102,23.18768617434567]},"id":"669","properties":{"label":5}},{"type":"Feature","geometry":{"type":"Point","coordinates":[79.8078583507395,23.184766942984947]},"id":"670","properties":{"label":5}},{"type":"Feature","geometry":{"type":"Point","coordinates":[79.80245101736547,23.187370584837456]},"id":"671","properties":{"label":5}},{"type":"Feature","geometry":{"type":"Point","coordinates":[79.80391013906957,23.193366658161427]},"id":"672","properties":{"label":5}},{"type":"Feature","geometry":{"type":"Point","coordinates":[79.79944694326879,23.19218324392987]},"id":"673","properties":{"label":5}},{"type":"Feature","geometry":{"type":"Point","coordinates":[79.79678619192602,23.196837946156325]},"id":"674","properties":{"label":5}},{"type":"Feature","geometry":{"type":"Point","coordinates":[79.79567039297582,23.19952024333544]},"id":"675","properties":{"label":5}},{"type":"Feature","geometry":{"type":"Point","coordinates":[79.79618537710668,23.189343007047743]},"id":"676","properties":{"label":5}},{"type":"Feature","geometry":{"type":"Point","coordinates":[79.79987609671117,23.183346753343173]},"id":"677","properties":{"label":5}},{"type":"Feature","geometry":{"type":"Point","coordinates":[79.80176437185766,23.179559507263416]},"id":"678","properties":{"label":5}},{"type":"Feature","geometry":{"type":"Point","coordinates":[79.95480048941137,23.481005726611947]},"id":"679","properties":{"label":5}},{"type":"Feature","geometry":{"type":"Point","coordinates":[79.93179786489965,23.4862013580539]},"id":"680","properties":{"label":5}},{"type":"Feature","geometry":{"type":"Point","coordinates":[79.96707427786352,23.459512531711425]},"id":"681","properties":{"label":5}},{"type":"Feature","geometry":{"type":"Point","coordinates":[79.97479903982641,23.450772539522887]},"id":"682","properties":{"label":5}},{"type":"Feature","geometry":{"type":"Point","coordinates":[79.91154182241918,23.47187351475515]},"id":"683","properties":{"label":5}},{"type":"Feature","geometry":{"type":"Point","coordinates":[79.91540420340063,23.476597151541124]},"id":"684","properties":{"label":5}},{"type":"Feature","geometry":{"type":"Point","coordinates":[79.9125717906809,23.475967343074625]},"id":"685","properties":{"label":5}},{"type":"Feature","geometry":{"type":"Point","coordinates":[79.91566169546606,23.47077130850468]},"id":"686","properties":{"label":5}},{"type":"Feature","geometry":{"type":"Point","coordinates":[79.90802276419164,23.465732534120598]},"id":"687","properties":{"label":5}},{"type":"Feature","geometry":{"type":"Point","coordinates":[79.90544784353735,23.465260139158936]},"id":"688","properties":{"label":5}},{"type":"Feature","geometry":{"type":"Point","coordinates":[79.9019287853098,23.464551543546346]},"id":"689","properties":{"label":5}},{"type":"Feature","geometry":{"type":"Point","coordinates":[79.8972080974436,23.465102673795993]},"id":"690","properties":{"label":5}},{"type":"Feature","geometry":{"type":"Point","coordinates":[79.90536201284887,23.46132344873079]},"id":"691","properties":{"label":5}},{"type":"Feature","geometry":{"type":"Point","coordinates":[79.90261543081762,23.460693567367567]},"id":"692","properties":{"label":5}},{"type":"Feature","geometry":{"type":"Point","coordinates":[79.89634979055883,23.45911885081157]},"id":"693","properties":{"label":5}},{"type":"Feature","geometry":{"type":"Point","coordinates":[79.8975514201975,23.4569142160797]},"id":"694","properties":{"label":5}},{"type":"Feature","geometry":{"type":"Point","coordinates":[79.8964356212473,23.45470954453779]},"id":"695","properties":{"label":5}},{"type":"Feature","geometry":{"type":"Point","coordinates":[79.89514816092016,23.452898536807428]},"id":"696","properties":{"label":5}},{"type":"Feature","geometry":{"type":"Point","coordinates":[79.88439984740374,23.459181234041726]},"id":"697","properties":{"label":5}},{"type":"Feature","geometry":{"type":"Point","coordinates":[79.88963551940081,23.45579553144676]},"id":"698","properties":{"label":5}},{"type":"Feature","geometry":{"type":"Point","coordinates":[79.8863739532387,23.453905799226877]},"id":"699","properties":{"label":5}},{"type":"Feature","geometry":{"type":"Point","coordinates":[79.88886304320452,23.460204801455973]},"id":"700","properties":{"label":5}},{"type":"Feature","geometry":{"type":"Point","coordinates":[79.87513013304827,23.44878763867541]},"id":"701","properties":{"label":5}},{"type":"Feature","geometry":{"type":"Point","coordinates":[79.88354154051898,23.446819062578083]},"id":"702","properties":{"label":5}},{"type":"Feature","geometry":{"type":"Point","coordinates":[79.88800473631976,23.447449010120966]},"id":"703","properties":{"label":5}},{"type":"Feature","geometry":{"type":"Point","coordinates":[79.89684529723284,23.44689780618522]},"id":"704","properties":{"label":5}},{"type":"Feature","geometry":{"type":"Point","coordinates":[79.87204022826312,23.444929201926207]},"id":"705","properties":{"label":5}},{"type":"Feature","geometry":{"type":"Point","coordinates":[79.86646123351214,23.446425343838346]},"id":"706","properties":{"label":5}},{"type":"Feature","geometry":{"type":"Point","coordinates":[79.85736318053362,23.448945123495854]},"id":"707","properties":{"label":5}},{"type":"Feature","geometry":{"type":"Point","coordinates":[79.85410161437152,23.449653802864407]},"id":"708","properties":{"label":5}},{"type":"Feature","geometry":{"type":"Point","coordinates":[79.86208386839984,23.453827059797526]},"id":"709","properties":{"label":5}},{"type":"Feature","geometry":{"type":"Point","coordinates":[79.86053891600726,23.457449024955427]},"id":"710","properties":{"label":5}},{"type":"Feature","geometry":{"type":"Point","coordinates":[79.85470242919085,23.45500814630821]},"id":"711","properties":{"label":5}},{"type":"Feature","geometry":{"type":"Point","coordinates":[79.86560292662737,23.457685236623547]},"id":"712","properties":{"label":5}},{"type":"Feature","geometry":{"type":"Point","coordinates":[79.86603208006976,23.46280305232841]},"id":"713","properties":{"label":5}},{"type":"Feature","geometry":{"type":"Point","coordinates":[79.8614830535805,23.464771390155285]},"id":"714","properties":{"label":5}},{"type":"Feature","geometry":{"type":"Point","coordinates":[79.85942311705706,23.46760574505946]},"id":"715","properties":{"label":5}},{"type":"Feature","geometry":{"type":"Point","coordinates":[79.855989889518,23.467999400648726]},"id":"716","properties":{"label":5}},{"type":"Feature","geometry":{"type":"Point","coordinates":[79.86525960387347,23.470125120539993]},"id":"717","properties":{"label":5}},{"type":"Feature","geometry":{"type":"Point","coordinates":[79.8684353393471,23.46760574505946]},"id":"718","properties":{"label":5}},{"type":"Feature","geometry":{"type":"Point","coordinates":[79.87461514891741,23.467763207436068]},"id":"719","properties":{"label":5}},{"type":"Feature","geometry":{"type":"Point","coordinates":[79.87804837645648,23.468235593438663]},"id":"720","properties":{"label":5}},{"type":"Feature","geometry":{"type":"Point","coordinates":[79.88139577330706,23.468235593438663]},"id":"721","properties":{"label":5}},{"type":"Feature","geometry":{"type":"Point","coordinates":[79.85178418578265,23.460834685151177]},"id":"722","properties":{"label":5}},{"type":"Feature","geometry":{"type":"Point","coordinates":[79.84629102172015,23.457921447869083]},"id":"723","properties":{"label":5}},{"type":"Feature","geometry":{"type":"Point","coordinates":[79.83942456664202,23.45548057795473]},"id":"724","properties":{"label":5}},{"type":"Feature","geometry":{"type":"Point","coordinates":[79.84165616454241,23.453275882477634]},"id":"725","properties":{"label":5}},{"type":"Feature","geometry":{"type":"Point","coordinates":[79.84672017516253,23.469259090643604]},"id":"726","properties":{"label":5}},{"type":"Feature","geometry":{"type":"Point","coordinates":[79.84071202696917,23.46626730727302]},"id":"727","properties":{"label":5}},{"type":"Feature","geometry":{"type":"Point","coordinates":[79.8160786193764,23.470125120539993]},"id":"728","properties":{"label":5}},{"type":"Feature","geometry":{"type":"Point","coordinates":[79.81882520140765,23.473353000080586]},"id":"729","properties":{"label":5}},{"type":"Feature","geometry":{"type":"Point","coordinates":[79.82878156127093,23.47162097697398]},"id":"730","properties":{"label":5}},{"type":"Feature","geometry":{"type":"Point","coordinates":[79.82380338133929,23.471306061239176]},"id":"731","properties":{"label":5}},{"type":"Feature","geometry":{"type":"Point","coordinates":[79.82672162474749,23.467841938553928]},"id":"732","properties":{"label":5}},{"type":"Feature","geometry":{"type":"Point","coordinates":[79.8270649475014,23.46626730727302]},"id":"733","properties":{"label":5}},{"type":"Feature","geometry":{"type":"Point","coordinates":[79.81410451354144,23.46351165732734]},"id":"734","properties":{"label":5}},{"type":"Feature","geometry":{"type":"Point","coordinates":[79.82869573058245,23.480280865126705]},"id":"735","properties":{"label":5}},{"type":"Feature","geometry":{"type":"Point","coordinates":[79.83272977294085,23.47965107424812]},"id":"736","properties":{"label":5}},{"type":"Feature","geometry":{"type":"Point","coordinates":[79.9563160738424,23.45029281049429]},"id":"737","properties":{"label":5}},{"type":"Feature","geometry":{"type":"Point","coordinates":[79.95684177036128,23.45375248001466]},"id":"738","properties":{"label":5}},{"type":"Feature","geometry":{"type":"Point","coordinates":[79.96945888156733,23.45194145915997]},"id":"739","properties":{"label":5}},{"type":"Feature","geometry":{"type":"Point","coordinates":[79.97375041599116,23.4487130560469]},"id":"740","properties":{"label":5}},{"type":"Feature","geometry":{"type":"Point","coordinates":[79.9769261514648,23.442885982415774]},"id":"741","properties":{"label":5}},{"type":"Feature","geometry":{"type":"Point","coordinates":[79.97160464877925,23.441862280778086]},"id":"742","properties":{"label":5}},{"type":"Feature","geometry":{"type":"Point","coordinates":[79.97572452182612,23.43989360149172]},"id":"743","properties":{"label":5}},{"type":"Feature","geometry":{"type":"Point","coordinates":[79.97452289218745,23.437216150596402]},"id":"744","properties":{"label":5}},{"type":"Feature","geometry":{"type":"Point","coordinates":[79.97795611972651,23.436271154976932]},"id":"745","properties":{"label":5}},{"type":"Feature","geometry":{"type":"Point","coordinates":[79.98327762241206,23.441783534169755]},"id":"746","properties":{"label":5}},{"type":"Feature","geometry":{"type":"Point","coordinates":[79.98181850070796,23.44501210662845]},"id":"747","properties":{"label":5}},{"type":"Feature","geometry":{"type":"Point","coordinates":[79.99014407749019,23.44721694004365]},"id":"748","properties":{"label":5}},{"type":"Feature","geometry":{"type":"Point","coordinates":[79.98877078647456,23.4506816039188]},"id":"749","properties":{"label":5}},{"type":"Feature","geometry":{"type":"Point","coordinates":[79.98525172824702,23.45131153304156]},"id":"750","properties":{"label":5}},{"type":"Feature","geometry":{"type":"Point","coordinates":[79.99426395053706,23.45028789669146]},"id":"751","properties":{"label":5}},{"type":"Feature","geometry":{"type":"Point","coordinates":[79.9952080881103,23.447846885689227]},"id":"752","properties":{"label":5}},{"type":"Feature","geometry":{"type":"Point","coordinates":[79.99795467014155,23.44721694004365]},"id":"753","properties":{"label":5}},{"type":"Feature","geometry":{"type":"Point","coordinates":[79.99804050083003,23.44343720308944]},"id":"754","properties":{"label":5}},{"type":"Feature","geometry":{"type":"Point","coordinates":[79.99289065952144,23.44375218529906]},"id":"755","properties":{"label":5}},{"type":"Feature","geometry":{"type":"Point","coordinates":[79.9911740457519,23.455327260570833]},"id":"756","properties":{"label":5}},{"type":"Feature","geometry":{"type":"Point","coordinates":[79.98602420444331,23.459972753792957]},"id":"757","properties":{"label":5}},{"type":"Feature","geometry":{"type":"Point","coordinates":[79.98370677585444,23.457295709857053]},"id":"758","properties":{"label":5}},{"type":"Feature","geometry":{"type":"Point","coordinates":[79.98490840549312,23.456744547014814]},"id":"759","properties":{"label":5}},{"type":"Feature","geometry":{"type":"Point","coordinates":[79.99846965427241,23.463279615476953]},"id":"760","properties":{"label":5}},{"type":"Feature","geometry":{"type":"Point","coordinates":[79.99769717807612,23.460996315070616]},"id":"761","properties":{"label":5}},{"type":"Feature","geometry":{"type":"Point","coordinates":[79.99495059604487,23.462728477615475]},"id":"762","properties":{"label":5}},{"type":"Feature","geometry":{"type":"Point","coordinates":[79.98851956652571,23.470495069415886]},"id":"763","properties":{"label":5}},{"type":"Feature","geometry":{"type":"Point","coordinates":[79.99152364062239,23.470022691501278]},"id":"764","properties":{"label":5}},{"type":"Feature","geometry":{"type":"Point","coordinates":[79.9863737993138,23.466086143121753]},"id":"765","properties":{"label":5}},{"type":"Feature","geometry":{"type":"Point","coordinates":[79.98156728075911,23.46671599875309]},"id":"766","properties":{"label":5}},{"type":"Feature","geometry":{"type":"Point","coordinates":[79.99778928088118,23.468369355483883]},"id":"767","properties":{"label":5}},{"type":"Feature","geometry":{"type":"Point","coordinates":[79.99289693163801,23.468211893830485]},"id":"768","properties":{"label":5}},{"type":"Feature","geometry":{"type":"Point","coordinates":[80.00937642382551,23.46498388853423]},"id":"769","properties":{"label":5}},{"type":"Feature","geometry":{"type":"Point","coordinates":[80.0098055772679,23.47025888066996]},"id":"770","properties":{"label":5}},{"type":"Feature","geometry":{"type":"Point","coordinates":[80.00731648730208,23.473408029188423]},"id":"771","properties":{"label":5}},{"type":"Feature","geometry":{"type":"Point","coordinates":[80.01795949267317,23.471203633117145]},"id":"772","properties":{"label":5}},{"type":"Feature","geometry":{"type":"Point","coordinates":[80.02139272021223,23.46750331406526]},"id":"773","properties":{"label":5}},{"type":"Feature","geometry":{"type":"Point","coordinates":[80.01624287890364,23.46120466006819]},"id":"774","properties":{"label":5}},{"type":"Feature","geometry":{"type":"Point","coordinates":[80.01092137621809,23.458685114316914]},"id":"775","properties":{"label":5}},{"type":"Feature","geometry":{"type":"Point","coordinates":[80.00800313280989,23.456795423449968]},"id":"776","properties":{"label":5}},{"type":"Feature","geometry":{"type":"Point","coordinates":[79.96925717977479,23.470650257821617]},"id":"777","properties":{"label":5}},{"type":"Feature","geometry":{"type":"Point","coordinates":[79.97097379354432,23.47057152837921]},"id":"778","properties":{"label":5}},{"type":"Feature","geometry":{"type":"Point","coordinates":[79.96985799459412,23.46820962326513]},"id":"779","properties":{"label":5}},{"type":"Feature","geometry":{"type":"Point","coordinates":[79.96651059774354,23.46781596830293]},"id":"780","properties":{"label":5}},{"type":"Feature","geometry":{"type":"Point","coordinates":[79.97071630147889,23.474822851048735]},"id":"781","properties":{"label":5}},{"type":"Feature","geometry":{"type":"Point","coordinates":[79.97526532796815,23.47490157795446]},"id":"782","properties":{"label":5}},{"type":"Feature","geometry":{"type":"Point","coordinates":[79.97895604757264,23.4811208550424]},"id":"783","properties":{"label":5}},{"type":"Feature","geometry":{"type":"Point","coordinates":[79.97346288351014,23.479467658101022]},"id":"784","properties":{"label":5}},{"type":"Feature","geometry":{"type":"Point","coordinates":[79.98307592061951,23.47915276109617]},"id":"785","properties":{"label":5}},{"type":"Feature","geometry":{"type":"Point","coordinates":[79.97998601583436,23.476318654223874]},"id":"786","properties":{"label":5}},{"type":"Feature","geometry":{"type":"Point","coordinates":[79.98230344442322,23.475925023453673]},"id":"787","properties":{"label":5}},{"type":"Feature","geometry":{"type":"Point","coordinates":[79.99423391012147,23.48072723860253]},"id":"788","properties":{"label":5}},{"type":"Feature","geometry":{"type":"Point","coordinates":[79.9962938466449,23.48356125074937]},"id":"789","properties":{"label":5}},{"type":"Feature","geometry":{"type":"Point","coordinates":[79.9919164815326,23.484742071169617]},"id":"790","properties":{"label":5}},{"type":"Feature","geometry":{"type":"Point","coordinates":[79.98959905294373,23.487339838874185]},"id":"791","properties":{"label":5}},{"type":"Feature","geometry":{"type":"Point","coordinates":[79.99861127523377,23.481042131848405]},"id":"792","properties":{"label":5}},{"type":"Feature","geometry":{"type":"Point","coordinates":[79.99938375143006,23.478365515295103]},"id":"793","properties":{"label":5}},{"type":"Feature","geometry":{"type":"Point","coordinates":[80.00685102132752,23.479861278299882]},"id":"794","properties":{"label":5}},{"type":"Feature","geometry":{"type":"Point","coordinates":[80.00333196309998,23.477105912240656]},"id":"795","properties":{"label":5}},{"type":"Feature","geometry":{"type":"Point","coordinates":[80.0127733388324,23.479546382234762]},"id":"796","properties":{"label":5}},{"type":"Feature","geometry":{"type":"Point","coordinates":[80.01071340230897,23.48867806286925]},"id":"797","properties":{"label":5}},{"type":"Feature","geometry":{"type":"Point","coordinates":[80.01878148702576,23.4881270311045]},"id":"798","properties":{"label":5}},{"type":"Feature","geometry":{"type":"Point","coordinates":[80.01182920125916,23.486159041716608]},"id":"799","properties":{"label":5}},{"type":"Feature","geometry":{"type":"Point","coordinates":[80.01841994548026,23.45587160291934]},"id":"800","properties":{"label":5}},{"type":"Feature","geometry":{"type":"Point","coordinates":[80.03172370219413,23.453588174398647]},"id":"801","properties":{"label":5}},{"type":"Feature","geometry":{"type":"Point","coordinates":[80.03893348002616,23.454848001913383]},"id":"802","properties":{"label":5}},{"type":"Feature","geometry":{"type":"Point","coordinates":[80.03816100382987,23.45201337310457]},"id":"803","properties":{"label":5}},{"type":"Feature","geometry":{"type":"Point","coordinates":[80.03344031596366,23.45083225981115]},"id":"804","properties":{"label":5}},{"type":"Feature","geometry":{"type":"Point","coordinates":[80.03515692973319,23.448863714184533]},"id":"805","properties":{"label":5}},{"type":"Feature","geometry":{"type":"Point","coordinates":[80.04305335307303,23.448548744161748]},"id":"806","properties":{"label":5}},{"type":"Feature","geometry":{"type":"Point","coordinates":[80.0427958610076,23.46083201846831]},"id":"807","properties":{"label":5}},{"type":"Feature","geometry":{"type":"Point","coordinates":[80.03687354350272,23.459965927595118]},"id":"808","properties":{"label":5}},{"type":"Feature","geometry":{"type":"Point","coordinates":[80.03738852763358,23.46547731799859]},"id":"809","properties":{"label":5}},{"type":"Feature","geometry":{"type":"Point","coordinates":[80.04408332133475,23.46815419602071]},"id":"810","properties":{"label":5}},{"type":"Feature","geometry":{"type":"Point","coordinates":[80.0300070884246,23.46933515435795]},"id":"811","properties":{"label":5}},{"type":"Feature","geometry":{"type":"Point","coordinates":[80.02657386088553,23.47122466571513]},"id":"812","properties":{"label":5}},{"type":"Feature","geometry":{"type":"Point","coordinates":[80.04966231608573,23.46894150275312]},"id":"813","properties":{"label":5}},{"type":"Feature","geometry":{"type":"Point","coordinates":[80.05558463359061,23.46665830028933]},"id":"814","properties":{"label":5}},{"type":"Feature","geometry":{"type":"Point","coordinates":[80.05094977641288,23.465713515302117]},"id":"815","properties":{"label":5}},{"type":"Feature","geometry":{"type":"Point","coordinates":[80.04811736369315,23.46232798022991]},"id":"816","properties":{"label":5}},{"type":"Feature","geometry":{"type":"Point","coordinates":[80.05421134257499,23.462406714589864]},"id":"817","properties":{"label":5}},{"type":"Feature","geometry":{"type":"Point","coordinates":[80.05944701457206,23.46067454782306]},"id":"818","properties":{"label":5}},{"type":"Feature","geometry":{"type":"Point","coordinates":[80.0574729087371,23.45736762088596]},"id":"819","properties":{"label":5}},{"type":"Feature","geometry":{"type":"Point","coordinates":[80.06322356486503,23.467130690246766]},"id":"820","properties":{"label":5}},{"type":"Feature","geometry":{"type":"Point","coordinates":[80.06691428446952,23.455477911163722]},"id":"821","properties":{"label":5}},{"type":"Feature","geometry":{"type":"Point","coordinates":[80.05936118388358,23.452958256134405]},"id":"822","properties":{"label":5}},{"type":"Feature","geometry":{"type":"Point","coordinates":[80.05884619975272,23.449099941208765]},"id":"823","properties":{"label":5}},{"type":"Feature","geometry":{"type":"Point","coordinates":[80.06639930033866,23.45209211361526]},"id":"824","properties":{"label":5}},{"type":"Feature","geometry":{"type":"Point","coordinates":[80.05944701457206,23.446028956943433]},"id":"825","properties":{"label":5}},{"type":"Feature","geometry":{"type":"Point","coordinates":[80.05644294047538,23.444532810542352]},"id":"826","properties":{"label":5}},{"type":"Feature","geometry":{"type":"Point","coordinates":[80.04785987162772,23.453509434779928]},"id":"827","properties":{"label":5}},{"type":"Feature","geometry":{"type":"Point","coordinates":[80.02717467570487,23.44646020946473]},"id":"828","properties":{"label":5}},{"type":"Feature","geometry":{"type":"Point","coordinates":[80.03301116252128,23.44583025720677]},"id":"829","properties":{"label":5}},{"type":"Feature","geometry":{"type":"Point","coordinates":[80.03077956462089,23.449688667638686]},"id":"830","properties":{"label":5}},{"type":"Feature","geometry":{"type":"Point","coordinates":[80.04210921549979,23.437561855404944]},"id":"831","properties":{"label":5}},{"type":"Feature","geometry":{"type":"Point","coordinates":[80.03472777629081,23.435199359867223]},"id":"832","properties":{"label":5}},{"type":"Feature","geometry":{"type":"Point","coordinates":[80.02734633708182,23.434175598687016]},"id":"833","properties":{"label":5}},{"type":"Feature","geometry":{"type":"Point","coordinates":[79.9996230247039,23.431340526346773]},"id":"834","properties":{"label":5}},{"type":"Feature","geometry":{"type":"Point","coordinates":[79.99473067546073,23.43126177346943]},"id":"835","properties":{"label":5}},{"type":"Feature","geometry":{"type":"Point","coordinates":[79.9985072257537,23.437561855404944]},"id":"836","properties":{"label":5}},{"type":"Feature","geometry":{"type":"Point","coordinates":[79.98880835795585,23.43354558786588]},"id":"837","properties":{"label":5}},{"type":"Feature","geometry":{"type":"Point","coordinates":[80.02013655924979,23.432049300131915]},"id":"838","properties":{"label":5}},{"type":"Feature","geometry":{"type":"Point","coordinates":[80.02734633708182,23.430080474679684]},"id":"839","properties":{"label":5}},{"type":"Feature","geometry":{"type":"Point","coordinates":[80.03378363871757,23.424410093572785]},"id":"840","properties":{"label":5}},{"type":"Feature","geometry":{"type":"Point","coordinates":[80.04365416789237,23.42960795220842]},"id":"841","properties":{"label":5}},{"type":"Feature","geometry":{"type":"Point","coordinates":[80.05180808329764,23.434648104832377]},"id":"842","properties":{"label":5}},{"type":"Feature","geometry":{"type":"Point","coordinates":[80.04966231608573,23.431340526346773]},"id":"843","properties":{"label":5}},{"type":"Feature","geometry":{"type":"Point","coordinates":[80.05609961772147,23.441735494314894]},"id":"844","properties":{"label":5}},{"type":"Feature","geometry":{"type":"Point","coordinates":[80.07295365336486,23.453292857460067]},"id":"845","properties":{"label":5}},{"type":"Feature","geometry":{"type":"Point","coordinates":[80.07020707133361,23.45069441944509]},"id":"846","properties":{"label":5}},{"type":"Feature","geometry":{"type":"Point","coordinates":[80.0790476322467,23.451088125460675]},"id":"847","properties":{"label":5}},{"type":"Feature","geometry":{"type":"Point","coordinates":[80.07166619303771,23.461402804859084]},"id":"848","properties":{"label":5}},{"type":"Feature","geometry":{"type":"Point","coordinates":[80.0819658756549,23.4562061968634]},"id":"849","properties":{"label":5}},{"type":"Feature","geometry":{"type":"Point","coordinates":[80.07818932536193,23.445261156593524]},"id":"850","properties":{"label":5}},{"type":"Feature","geometry":{"type":"Point","coordinates":[80.07286782267639,23.445497390059877]},"id":"851","properties":{"label":5}},{"type":"Feature","geometry":{"type":"Point","coordinates":[80.07484192851135,23.443292527947406]},"id":"852","properties":{"label":5}},{"type":"Feature","geometry":{"type":"Point","coordinates":[80.07741684916564,23.462888291663937]},"id":"853","properties":{"label":5}},{"type":"Feature","geometry":{"type":"Point","coordinates":[80.08325333598205,23.464541696343243]},"id":"854","properties":{"label":5}},{"type":"Feature","geometry":{"type":"Point","coordinates":[80.0735544681842,23.465880151628856]},"id":"855","properties":{"label":5}},{"type":"Feature","geometry":{"type":"Point","coordinates":[80.08436913493225,23.461628540864996]},"id":"856","properties":{"label":5}},{"type":"Feature","geometry":{"type":"Point","coordinates":[80.08514161112853,23.45729805580962]},"id":"857","properties":{"label":5}},{"type":"Feature","geometry":{"type":"Point","coordinates":[80.08943314555236,23.466037616064238]},"id":"858","properties":{"label":5}},{"type":"Feature","geometry":{"type":"Point","coordinates":[80.08668656352111,23.467769712454402]},"id":"859","properties":{"label":5}},{"type":"Feature","geometry":{"type":"Point","coordinates":[80.0885748386676,23.47147002403646]},"id":"860","properties":{"label":5}},{"type":"Feature","geometry":{"type":"Point","coordinates":[80.08076424601623,23.47375314324821]},"id":"861","properties":{"label":5}},{"type":"Feature","geometry":{"type":"Point","coordinates":[80.07595772746154,23.477217110743574]},"id":"862","properties":{"label":5}},{"type":"Feature","geometry":{"type":"Point","coordinates":[80.07166619303771,23.478083088405544]},"id":"863","properties":{"label":5}},{"type":"Feature","geometry":{"type":"Point","coordinates":[80.05784745219299,23.47855543746137]},"id":"864","properties":{"label":5}},{"type":"Feature","geometry":{"type":"Point","coordinates":[80.0526976108844,23.476587305236887]},"id":"865","properties":{"label":5}},{"type":"Feature","geometry":{"type":"Point","coordinates":[80.06033654215881,23.476193675268295]},"id":"866","properties":{"label":5}},{"type":"Feature","geometry":{"type":"Point","coordinates":[80.09509797099182,23.46871448272214]},"id":"867","properties":{"label":5}},{"type":"Feature","geometry":{"type":"Point","coordinates":[80.09269471171447,23.47131256608287]},"id":"868","properties":{"label":5}},{"type":"Feature","geometry":{"type":"Point","coordinates":[80.10205025675842,23.457219318402988]},"id":"869","properties":{"label":5}},{"type":"Feature","geometry":{"type":"Point","coordinates":[80.10556931498596,23.453754826030178]},"id":"870","properties":{"label":5}},{"type":"Feature","geometry":{"type":"Point","coordinates":[80.10144944193908,23.45343986767107]},"id":"871","properties":{"label":5}},{"type":"Feature","geometry":{"type":"Point","coordinates":[80.08908982279846,23.45493591318688]},"id":"872","properties":{"label":5}},{"type":"Feature","geometry":{"type":"Point","coordinates":[80.08814568522521,23.4485579170576]},"id":"873","properties":{"label":5}},{"type":"Feature","geometry":{"type":"Point","coordinates":[80.08359665873596,23.4516288425296]},"id":"874","properties":{"label":5}},{"type":"Feature","geometry":{"type":"Point","coordinates":[80.09775872233459,23.450762691292113]},"id":"875","properties":{"label":5}},{"type":"Feature","geometry":{"type":"Point","coordinates":[80.10170693400451,23.45060520863868]},"id":"876","properties":{"label":5}},{"type":"Feature","geometry":{"type":"Point","coordinates":[80.09793038371154,23.448164203500333]},"id":"877","properties":{"label":5}},{"type":"Feature","geometry":{"type":"Point","coordinates":[80.10848755839416,23.457691742138525]},"id":"878","properties":{"label":5}},{"type":"Feature","geometry":{"type":"Point","coordinates":[80.10574097636291,23.461549806040892]},"id":"879","properties":{"label":5}},{"type":"Feature","geometry":{"type":"Point","coordinates":[80.11260743144103,23.456353203831174]},"id":"880","properties":{"label":5}},{"type":"Feature","geometry":{"type":"Point","coordinates":[80.08256669047424,23.43958095635142]},"id":"881","properties":{"label":5}},{"type":"Feature","geometry":{"type":"Point","coordinates":[80.09166474345275,23.43729724623416]},"id":"882","properties":{"label":5}},{"type":"Feature","geometry":{"type":"Point","coordinates":[80.0995611667926,23.439029719591392]},"id":"883","properties":{"label":5}},{"type":"Feature","geometry":{"type":"Point","coordinates":[80.0984453678424,23.434462240845953]},"id":"884","properties":{"label":5}},{"type":"Feature","geometry":{"type":"Point","coordinates":[80.08230919840881,23.429894604271315]},"id":"885","properties":{"label":5}},{"type":"Feature","geometry":{"type":"Point","coordinates":[80.06179566386291,23.4341472364938]},"id":"886","properties":{"label":5}},{"type":"Feature","geometry":{"type":"Point","coordinates":[80.06488556864807,23.431548421946577]},"id":"887","properties":{"label":5}},{"type":"Feature","geometry":{"type":"Point","coordinates":[80.11011834147521,23.445093197481967]},"id":"888","properties":{"label":5}},{"type":"Feature","geometry":{"type":"Point","coordinates":[80.1149248600299,23.446195618112544]},"id":"889","properties":{"label":5}},{"type":"Feature","geometry":{"type":"Point","coordinates":[80.11689896586486,23.449502824807237]},"id":"890","properties":{"label":5}},{"type":"Feature","geometry":{"type":"Point","coordinates":[80.12110466960021,23.44469947359884]},"id":"891","properties":{"label":5}},{"type":"Feature","geometry":{"type":"Point","coordinates":[80.11646981242248,23.442573344355313]},"id":"892","properties":{"label":5}},{"type":"Feature","geometry":{"type":"Point","coordinates":[80.10745759013244,23.43792723917355]},"id":"893","properties":{"label":5}},{"type":"Feature","geometry":{"type":"Point","coordinates":[80.11398072245666,23.435722250747794]},"id":"894","properties":{"label":5}},{"type":"Feature","geometry":{"type":"Point","coordinates":[80.11938805583068,23.43320221893335]},"id":"895","properties":{"label":5}},{"type":"Feature","geometry":{"type":"Point","coordinates":[80.12599701884338,23.44753425936795]},"id":"896","properties":{"label":5}},{"type":"Feature","geometry":{"type":"Point","coordinates":[80.09767289164611,23.43162717465318]},"id":"897","properties":{"label":5}},{"type":"Feature","geometry":{"type":"Point","coordinates":[80.10127778056213,23.426586906859832]},"id":"898","properties":{"label":5}},{"type":"Feature","geometry":{"type":"Point","coordinates":[80.10016198161193,23.424224215193647]},"id":"899","properties":{"label":5}},{"type":"Feature","geometry":{"type":"Point","coordinates":[80.08866066935607,23.419813744480695]},"id":"900","properties":{"label":5}},{"type":"Feature","geometry":{"type":"Point","coordinates":[80.06866211894103,23.42264906396529]},"id":"901","properties":{"label":5}},{"type":"Feature","geometry":{"type":"Point","coordinates":[80.06677384379455,23.420443820729673]},"id":"902","properties":{"label":5}},{"type":"Feature","geometry":{"type":"Point","coordinates":[80.06763215067932,23.41839606194726]},"id":"903","properties":{"label":5}},{"type":"Feature","geometry":{"type":"Point","coordinates":[80.06540055277893,23.41689960279037]},"id":"904","properties":{"label":5}},{"type":"Feature","geometry":{"type":"Point","coordinates":[80.0629114628131,23.416348271465527]},"id":"905","properties":{"label":5}},{"type":"Feature","geometry":{"type":"Point","coordinates":[80.06351227763244,23.420758857728668]},"id":"906","properties":{"label":5}},{"type":"Feature","geometry":{"type":"Point","coordinates":[80.06059403422424,23.414300449286603]},"id":"907","properties":{"label":5}},{"type":"Feature","geometry":{"type":"Point","coordinates":[80.06265397074768,23.412252595412625]},"id":"908","properties":{"label":5}},{"type":"Feature","geometry":{"type":"Point","coordinates":[80.0709795475299,23.41422168626213]},"id":"909","properties":{"label":5}},{"type":"Feature","geometry":{"type":"Point","coordinates":[80.06299729350158,23.406896520063295]},"id":"910","properties":{"label":5}},{"type":"Feature","geometry":{"type":"Point","coordinates":[80.09561295512268,23.411307421396724]},"id":"911","properties":{"label":5}},{"type":"Feature","geometry":{"type":"Point","coordinates":[80.10041947367736,23.41524560192314]},"id":"912","properties":{"label":5}},{"type":"Feature","geometry":{"type":"Point","coordinates":[80.09775872233459,23.41989250417595]},"id":"913","properties":{"label":5}},{"type":"Feature","geometry":{"type":"Point","coordinates":[80.09509797099182,23.42107389397733]},"id":"914","properties":{"label":5}},{"type":"Feature","geometry":{"type":"Point","coordinates":[80.0973295688922,23.414615500915644]},"id":"915","properties":{"label":5}},{"type":"Feature","geometry":{"type":"Point","coordinates":[80.10144944193908,23.410992361891193]},"id":"916","properties":{"label":5}},{"type":"Feature","geometry":{"type":"Point","coordinates":[80.09887452128478,23.408550625290967]},"id":"917","properties":{"label":5}},{"type":"Feature","geometry":{"type":"Point","coordinates":[80.10771508219787,23.409653350624524]},"id":"918","properties":{"label":5}},{"type":"Feature","geometry":{"type":"Point","coordinates":[80.10677094462463,23.41453673807871]},"id":"919","properties":{"label":5}},{"type":"Feature","geometry":{"type":"Point","coordinates":[80.10617162071648,23.405791035298893]},"id":"920","properties":{"label":5}},{"type":"Feature","geometry":{"type":"Point","coordinates":[80.09904767357293,23.40468827778613]},"id":"921","properties":{"label":5}},{"type":"Feature","geometry":{"type":"Point","coordinates":[80.1211061605114,23.420913639797963]},"id":"922","properties":{"label":5}},{"type":"Feature","geometry":{"type":"Point","coordinates":[80.12496854149285,23.43012812924763]},"id":"923","properties":{"label":5}},{"type":"Feature","geometry":{"type":"Point","coordinates":[80.13458157860222,23.429340591141166]},"id":"924","properties":{"label":5}},{"type":"Feature","geometry":{"type":"Point","coordinates":[80.12926007591668,23.423276390607885]},"id":"925","properties":{"label":5}},{"type":"Feature","geometry":{"type":"Point","coordinates":[80.12737180077019,23.429498099137742]},"id":"926","properties":{"label":5}},{"type":"Feature","geometry":{"type":"Point","coordinates":[80.13277913414422,23.425796611613638]},"id":"927","properties":{"label":5}},{"type":"Feature","geometry":{"type":"Point","coordinates":[80.13406659447136,23.421858745186924]},"id":"928","properties":{"label":5}},{"type":"Feature","geometry":{"type":"Point","coordinates":[80.1306333669323,23.418161790221074]},"id":"929","properties":{"label":5}},{"type":"Feature","geometry":{"type":"Point","coordinates":[80.12522603355828,23.419421955455057]},"id":"930","properties":{"label":5}},{"type":"Feature","geometry":{"type":"Point","coordinates":[80.12608434044304,23.416350281666247]},"id":"931","properties":{"label":5}},{"type":"Feature","geometry":{"type":"Point","coordinates":[80.10425841265103,23.094900481342794]},"id":"932","properties":{"label":5}},{"type":"Feature","geometry":{"type":"Point","coordinates":[80.10786330156705,23.090479101685553]},"id":"933","properties":{"label":5}},{"type":"Feature","geometry":{"type":"Point","coordinates":[80.108034962944,23.085110087968967]},"id":"934","properties":{"label":5}},{"type":"Feature","geometry":{"type":"Point","coordinates":[80.12537276201627,23.086531318353718]},"id":"935","properties":{"label":5}},{"type":"Feature","geometry":{"type":"Point","coordinates":[80.12228285723111,23.094900481342794]},"id":"936","properties":{"label":5}},{"type":"Feature","geometry":{"type":"Point","coordinates":[80.1267460530319,23.103111228986844]},"id":"937","properties":{"label":5}},{"type":"Feature","geometry":{"type":"Point","coordinates":[80.11953627519986,23.102637545649316]},"id":"938","properties":{"label":5}},{"type":"Feature","geometry":{"type":"Point","coordinates":[80.14271056108853,23.096321608193144]},"id":"939","properties":{"label":5}},{"type":"Feature","geometry":{"type":"Point","coordinates":[80.14597212725064,23.102795440280772]},"id":"940","properties":{"label":5}},{"type":"Feature","geometry":{"type":"Point","coordinates":[80.13944899492643,23.106269075209244]},"id":"941","properties":{"label":5}},{"type":"Feature","geometry":{"type":"Point","coordinates":[80.14425551348111,23.108479523382552]},"id":"942","properties":{"label":5}},{"type":"Feature","geometry":{"type":"Point","coordinates":[80.09893690996549,23.10879529872259]},"id":"943","properties":{"label":5}},{"type":"Feature","geometry":{"type":"Point","coordinates":[80.09292876177213,23.113847603160043]},"id":"944","properties":{"label":5}},{"type":"Feature","geometry":{"type":"Point","coordinates":[80.09086882524869,23.114637008552958]},"id":"945","properties":{"label":5}},{"type":"Feature","geometry":{"type":"Point","coordinates":[80.03456389360807,23.10895318611413]},"id":"946","properties":{"label":5}},{"type":"Feature","geometry":{"type":"Point","coordinates":[80.03816878252408,23.083846759456655]},"id":"947","properties":{"label":5}},{"type":"Feature","geometry":{"type":"Point","coordinates":[80.04658018999478,23.083530925473543]},"id":"948","properties":{"label":5}},{"type":"Feature","geometry":{"type":"Point","coordinates":[80.04022871904752,23.079267094080976]},"id":"949","properties":{"label":5}},{"type":"Feature","geometry":{"type":"Point","coordinates":[80.04422087856892,23.082460513960395]},"id":"950","properties":{"label":5}},{"type":"Feature","geometry":{"type":"Point","coordinates":[80.03628153988484,23.081394560302332]},"id":"951","properties":{"label":5}},{"type":"Feature","geometry":{"type":"Point","coordinates":[80.0358953017867,23.08340802122798]},"id":"952","properties":{"label":5}},{"type":"Feature","geometry":{"type":"Point","coordinates":[80.0550784606612,23.088579714018998]},"id":"953","properties":{"label":5}},{"type":"Feature","geometry":{"type":"Point","coordinates":[80.05997080990437,23.08589519603213]},"id":"954","properties":{"label":5}},{"type":"Feature","geometry":{"type":"Point","coordinates":[80.06524939724568,23.087355896292507]},"id":"955","properties":{"label":5}},{"type":"Feature","geometry":{"type":"Point","coordinates":[80.06524939724568,23.085105621714774]},"id":"956","properties":{"label":5}},{"type":"Feature","geometry":{"type":"Point","coordinates":[80.06070037075642,23.084158126412092]},"id":"957","properties":{"label":5}},{"type":"Feature","geometry":{"type":"Point","coordinates":[80.04507918545369,23.087316418115808]},"id":"958","properties":{"label":5}},{"type":"Feature","geometry":{"type":"Point","coordinates":[80.03473658749226,23.087829633508534]},"id":"959","properties":{"label":5}},{"type":"Feature","geometry":{"type":"Point","coordinates":[80.03156085201863,23.089724565674835]},"id":"960","properties":{"label":5}},{"type":"Feature","geometry":{"type":"Point","coordinates":[80.03392119595173,23.09019829454183]},"id":"961","properties":{"label":5}},{"type":"Feature","geometry":{"type":"Point","coordinates":[80.03014464565877,23.088342846941607]},"id":"962","properties":{"label":5}},{"type":"Feature","geometry":{"type":"Point","coordinates":[80.0263680953658,23.087750677421823]},"id":"963","properties":{"label":5}},{"type":"Feature","geometry":{"type":"Point","coordinates":[80.02774138638142,23.083723855499837]},"id":"964","properties":{"label":5}},{"type":"Feature","geometry":{"type":"Point","coordinates":[80.02619643398884,23.080881320341664]},"id":"965","properties":{"label":5}},{"type":"Feature","geometry":{"type":"Point","coordinates":[80.02975840756062,23.08013119687496]},"id":"966","properties":{"label":5}},{"type":"Feature","geometry":{"type":"Point","coordinates":[80.02855677792195,23.076933255147573]},"id":"967","properties":{"label":5}},{"type":"Feature","geometry":{"type":"Point","coordinates":[80.02756972500447,23.075038142681375]},"id":"968","properties":{"label":5}},{"type":"Feature","geometry":{"type":"Point","coordinates":[80.03889937588337,23.07681481140082]},"id":"969","properties":{"label":5}},{"type":"Feature","geometry":{"type":"Point","coordinates":[80.04100222775105,23.075393478302974]},"id":"970","properties":{"label":5}},{"type":"Feature","geometry":{"type":"Point","coordinates":[80.04426379391316,23.07551192330154]},"id":"971","properties":{"label":5}},{"type":"Feature","geometry":{"type":"Point","coordinates":[80.0486840743697,23.075117106233982]},"id":"972","properties":{"label":5}},{"type":"Feature","geometry":{"type":"Point","coordinates":[80.05280394741658,23.075038142681375]},"id":"973","properties":{"label":5}},{"type":"Feature","geometry":{"type":"Point","coordinates":[80.05031485745076,23.081355080374923]},"id":"974","properties":{"label":5}},{"type":"Feature","geometry":{"type":"Point","coordinates":[80.05422015377644,23.080012755945038]},"id":"975","properties":{"label":5}},{"type":"Feature","geometry":{"type":"Point","coordinates":[80.06242496788272,23.07471096648608]},"id":"976","properties":{"label":5}},{"type":"Feature","geometry":{"type":"Point","coordinates":[80.03490341728983,23.065275287864416]},"id":"977","properties":{"label":5}},{"type":"Feature","geometry":{"type":"Point","coordinates":[80.0364483696824,23.065077864452793]},"id":"978","properties":{"label":5}},{"type":"Feature","geometry":{"type":"Point","coordinates":[80.030611882866,23.063537951900965]},"id":"979","properties":{"label":5}},{"type":"Feature","geometry":{"type":"Point","coordinates":[80.02829445427713,23.059628863973426]},"id":"980","properties":{"label":5}},{"type":"Feature","geometry":{"type":"Point","coordinates":[80.02842320030985,23.066578275116168]},"id":"981","properties":{"label":5}},{"type":"Feature","geometry":{"type":"Point","coordinates":[80.02872360771951,23.065986009747796]},"id":"982","properties":{"label":5}},{"type":"Feature","geometry":{"type":"Point","coordinates":[80.0494517189866,23.067052085533742]},"id":"983","properties":{"label":5}},{"type":"Feature","geometry":{"type":"Point","coordinates":[80.0500096184617,23.06993439628978]},"id":"984","properties":{"label":5}},{"type":"Feature","geometry":{"type":"Point","coordinates":[80.05086792534647,23.069973879570004]},"id":"985","properties":{"label":5}},{"type":"Feature","geometry":{"type":"Point","coordinates":[80.0448597771531,23.073132504439847]},"id":"986","properties":{"label":5}},{"type":"Feature","geometry":{"type":"Point","coordinates":[80.04992378777322,23.072500785399573]},"id":"987","properties":{"label":5}},{"type":"Feature","geometry":{"type":"Point","coordinates":[80.01669866370699,23.073239116634095]},"id":"988","properties":{"label":5}},{"type":"Feature","geometry":{"type":"Point","coordinates":[80.01910192298433,23.07513425445053]},"id":"989","properties":{"label":5}},{"type":"Feature","geometry":{"type":"Point","coordinates":[80.01742822455904,23.075844924246994]},"id":"990","properties":{"label":5}},{"type":"Feature","geometry":{"type":"Point","coordinates":[80.02223474311373,23.07351549256217]},"id":"991","properties":{"label":5}},{"type":"Feature","geometry":{"type":"Point","coordinates":[80.02236348914644,23.072173089877573]},"id":"992","properties":{"label":5}},{"type":"Feature","geometry":{"type":"Point","coordinates":[80.02528173255465,23.071620331936895]},"id":"993","properties":{"label":5}},{"type":"Feature","geometry":{"type":"Point","coordinates":[80.02137643622896,23.07055429235102]},"id":"994","properties":{"label":5}},{"type":"Feature","geometry":{"type":"Point","coordinates":[80.01687032508394,23.071383434981257]},"id":"995","properties":{"label":5}},{"type":"Feature","geometry":{"type":"Point","coordinates":[80.01180631446383,23.067395606942316]},"id":"996","properties":{"label":5}},{"type":"Feature","geometry":{"type":"Point","coordinates":[80.01232129859469,23.064987059485574]},"id":"997","properties":{"label":5}},{"type":"Feature","geometry":{"type":"Point","coordinates":[80.00966054725191,23.06372354193932]},"id":"998","properties":{"label":5}},{"type":"Feature","geometry":{"type":"Point","coordinates":[80.01395208167574,23.062854866744104]},"id":"999","properties":{"label":5}}]}